time,car_acceleration,car_velocity,car_position,front_right_vertical_load,front_right_x_friction,front_right_y_friction,front_right_rolling_resistance,front_left_vertical_load,front_left_x_friction,front_left_y_friction,front_left_rolling_resistance,rear_right_vertical_load,rear_right_x_friction,rear_right_y_friction,rear_right_rolling_resistance,rear_left_vertical_load,rear_left_x_friction,rear_left_y_friction,rear_left_rolling_resistance,cnt_grav_inertial_z,cnt_grav_inertial_x,cnt_grav_inertial_y
0,"(np.float64(-1.4515294343286922), np.float64(8.129866590132905e-05), np.float64(9.81))","(np.float64(0.0), np.float64(0.0), 0)","(np.float64(0.0), np.float64(0.0), 0)",613.125,-90.72058964554326,0.005081166618833066,0.0,613.125,-90.72058964554326,0.005081166618833066,0.0,613.125,-90.72058964554326,0.005081166618833066,0.0,613.125,-90.72058964554326,0.005081166618833066,0.0,0.0,0.0,0.0
5,"(np.float64(-1.4515294343286922), np.float64(8.129866590132905e-05), np.float64(9.81))","(np.float64(-0.07257647171643461), np.float64(4.064933295066453e-06), 0)","(np.float64(-0.005443235378732597), np.float64(3.0486999712998403e-07), 0)",613.125,-90.72058964554326,0.005081166618833066,0.0,613.125,-90.72058964554326,0.005081166618833066,0.0,613.125,-90.72058964554326,0.005081166618833066,0.0,613.125,-90.72058964554326,0.005081166618833066,0.0,0.0,0.0,0.0
10,"(np.float64(-1.4515294343286922), np.float64(8.129866590132905e-05), np.float64(9.81))","(np.float64(-0.14515294343286922), np.float64(8.129866590132906e-06), 0)","(np.float64(-0.014515294343286923), np.float64(8.129866590132907e-07), 0)",613.125,-90.72058964554326,0.005081166618833066,0.0,613.125,-90.72058964554326,0.005081166618833066,0.0,613.125,-90.72058964554326,0.005081166618833066,0.0,613.125,-90.72058964554326,0.005081166618833066,0.0,0.0,0.0,0.0
15,"(np.float64(-1.4515294343286922), np.float64(8.129866590132905e-05), np.float64(9.81))","(np.float64(-0.21772941514930383), np.float64(1.2194799885199359e-05), 0)","(np.float64(-0.02721617689366298), np.float64(1.52434998564992e-06), 0)",613.125,-90.72058964554326,0.005081166618833066,0.0,613.125,-90.72058964554326,0.005081166618833066,0.0,613.125,-90.72058964554326,0.005081166618833066,0.0,613.125,-90.72058964554326,0.005081166618833066,0.0,0.0,0.0,0.0
20,"(np.float64(-1.4515294343286922), np.float64(8.129866590132905e-05), np.float64(9.81))","(np.float64(-0.29030588686573844), np.float64(1.6259733180265813e-05), 0)","(np.float64(-0.04354588302986077), np.float64(2.4389599770398722e-06), 0)",613.125,-90.72058964554326,0.005081166618833066,0.0,613.125,-90.72058964554326,0.005081166618833066,0.0,613.125,-90.72058964554326,0.005081166618833066,0.0,613.125,-90.72058964554326,0.005081166618833066,0.0,0.0,0.0,0.0
25,"(np.float64(-1.4515294343286922), np.float64(8.129866590132905e-05), np.float64(9.81))","(np.float64(-0.36288235858217305), np.float64(2.0324666475332266e-05), 0)","(np.float64(-0.06350441275188029), np.float64(3.5568166331831472e-06), 0)",613.125,-90.72058964554326,0.005081166618833066,0.0,613.125,-90.72058964554326,0.005081166618833066,0.0,613.125,-90.72058964554326,0.005081166618833066,0.0,613.125,-90.72058964554326,0.005081166618833066,0.0,0.0,0.0,0.0
30,"(np.float64(-1.4515294343286922), np.float64(8.129866590132905e-05), np.float64(9.81))","(np.float64(-0.43545883029860766), np.float64(2.438959977039872e-05), 0)","(np.float64(-0.08709176605972153), np.float64(4.877919954079745e-06), 0)",613.125,-90.72058964554326,0.005081166618833066,0.0,613.125,-90.72058964554326,0.005081166618833066,0.0,613.125,-90.72058964554326,0.005081166618833066,0.0,613.125,-90.72058964554326,0.005081166618833066,0.0,0.0,0.0,0.0
35,"(np.float64(-1.4515294343286922), np.float64(8.129866590132905e-05), np.float64(9.81))","(np.float64(-0.5080353020150423), np.float64(2.8454533065465174e-05), 0)","(np.float64(-0.11430794295338452), np.float64(6.4022699397296655e-06), 0)",613.125,-90.72058964554326,0.005081166618833066,0.0,613.125,-90.72058964554326,0.005081166618833066,0.0,613.125,-90.72058964554326,0.005081166618833066,0.0,613.125,-90.72058964554326,0.005081166618833066,0.0,0.0,0.0,0.0
40,"(np.float64(-1.4515294343286922), np.float64(8.129866590132905e-05), np.float64(9.81))","(np.float64(-0.5806117737314769), np.float64(3.2519466360531625e-05), 0)","(np.float64(-0.14515294343286922), np.float64(8.129866590132908e-06), 0)",613.125,-90.72058964554326,0.005081166618833066,0.0,613.125,-90.72058964554326,0.005081166618833066,0.0,613.125,-90.72058964554326,0.005081166618833066,0.0,613.125,-90.72058964554326,0.005081166618833066,0.0,0.0,0.0,0.0
45,"(np.float64(-1.4515294343286922), np.float64(8.129866590132905e-05), np.float64(9.81))","(np.float64(-0.6531882454479114), np.float64(3.658439965559808e-05), 0)","(np.float64(-0.17962676749817566), np.float64(1.0060709905289473e-05), 0)",613.125,-90.72058964554326,0.005081166618833066,0.0,613.125,-90.72058964554326,0.005081166618833066,0.0,613.125,-90.72058964554326,0.005081166618833066,0.0,613.125,-90.72058964554326,0.005081166618833066,0.0,0.0,0.0,0.0
50,"(np.float64(-1.4515294343286922), np.float64(8.129866590132905e-05), np.float64(9.81))","(np.float64(-0.725764717164346), np.float64(4.064933295066453e-05), 0)","(np.float64(-0.21772941514930383), np.float64(1.219479988519936e-05), 0)",613.125,-90.72058964554326,0.005081166618833066,0.0,613.125,-90.72058964554326,0.005081166618833066,0.0,613.125,-90.72058964554326,0.005081166618833066,0.0,613.125,-90.72058964554326,0.005081166618833066,0.0,0.0,0.0,0.0
55,"(np.float64(-1.4515294343286922), np.float64(8.129866590132905e-05), np.float64(9.81))","(np.float64(-0.7983411888807805), np.float64(4.471426624573099e-05), 0)","(np.float64(-0.25946088638625375), np.float64(1.4532136529862571e-05), 0)",613.125,-90.72058964554326,0.005081166618833066,0.0,613.125,-90.72058964554326,0.005081166618833066,0.0,613.125,-90.72058964554326,0.005081166618833066,0.0,613.125,-90.72058964554326,0.005081166618833066,0.0,0.0,0.0,0.0
60,"(np.float64(-1.4515294343286922), np.float64(8.129866590132905e-05), np.float64(9.81))","(np.float64(-0.8709176605972151), np.float64(4.877919954079744e-05), 0)","(np.float64(-0.30482118120902535), np.float64(1.7072719839279105e-05), 0)",613.125,-90.72058964554326,0.005081166618833066,0.0,613.125,-90.72058964554326,0.005081166618833066,0.0,613.125,-90.72058964554326,0.005081166618833066,0.0,613.125,-90.72058964554326,0.005081166618833066,0.0,0.0,0.0,0.0
65,"(np.float64(-1.4515294343286922), np.float64(8.129866590132905e-05), np.float64(9.81))","(np.float64(-0.9434941323136496), np.float64(5.2844132835863895e-05), 0)","(np.float64(-0.3538102996176187), np.float64(1.981654981344896e-05), 0)",613.125,-90.72058964554326,0.005081166618833066,0.0,613.125,-90.72058964554326,0.005081166618833066,0.0,613.125,-90.72058964554326,0.005081166618833066,0.0,613.125,-90.72058964554326,0.005081166618833066,0.0,0.0,0.0,0.0
70,"(np.float64(-1.4515294343286922), np.float64(8.129866590132905e-05), np.float64(9.81))","(np.float64(-1.0160706040300842), np.float64(5.690906613093035e-05), 0)","(np.float64(-0.4064282416120337), np.float64(2.2763626452372143e-05), 0)",613.125,-90.72058964554326,0.005081166618833066,0.0,613.125,-90.72058964554326,0.005081166618833066,0.0,613.125,-90.72058964554326,0.005081166618833066,0.0,613.125,-90.72058964554326,0.005081166618833066,0.0,0.0,0.0,0.0
75,"(np.float64(-1.4515294343286922), np.float64(8.129866590132905e-05), np.float64(9.81))","(np.float64(-1.0886470757465188), np.float64(6.09739994259968e-05), 0)","(np.float64(-0.4626750071922705), np.float64(2.5913949756048646e-05), 0)",613.125,-90.72058964554326,0.005081166618833066,0.0,613.125,-90.72058964554326,0.005081166618833066,0.0,613.125,-90.72058964554326,0.005081166618833066,0.0,613.125,-90.72058964554326,0.005081166618833066,0.0,0.0,0.0,0.0
80,"(np.float64(-1.4515294343286922), np.float64(8.129866590132905e-05), np.float64(9.81))","(np.float64(-1.1612235474629533), np.float64(6.503893272106325e-05), 0)","(np.float64(-0.522550596358329), np.float64(2.926751972447847e-05), 0)",613.125,-90.72058964554326,0.005081166618833066,0.0,613.125,-90.72058964554326,0.005081166618833066,0.0,613.125,-90.72058964554326,0.005081166618833066,0.0,613.125,-90.72058964554326,0.005081166618833066,0.0,0.0,0.0,0.0
85,"(np.float64(-1.4515294343286922), np.float64(8.129866590132905e-05), np.float64(9.81))","(np.float64(-1.2338000191793879), np.float64(6.91038660161297e-05), 0)","(np.float64(-0.5860550091102092), np.float64(3.2824336357661616e-05), 0)",613.125,-90.72058964554326,0.005081166618833066,0.0,613.125,-90.72058964554326,0.005081166618833066,0.0,613.125,-90.72058964554326,0.005081166618833066,0.0,613.125,-90.72058964554326,0.005081166618833066,0.0,0.0,0.0,0.0
90,"(np.float64(-1.4515294343286922), np.float64(8.129866590132905e-05), np.float64(9.81))","(np.float64(-1.3063764908958224), np.float64(7.316879931119616e-05), 0)","(np.float64(-0.6531882454479112), np.float64(3.6584399655598086e-05), 0)",613.125,-90.72058964554326,0.005081166618833066,0.0,613.125,-90.72058964554326,0.005081166618833066,0.0,613.125,-90.72058964554326,0.005081166618833066,0.0,613.125,-90.72058964554326,0.005081166618833066,0.0,0.0,0.0,0.0
95,"(np.float64(-1.4515294343286922), np.float64(8.129866590132905e-05), np.float64(9.81))","(np.float64(-1.378952962612257), np.float64(7.723373260626261e-05), 0)","(np.float64(-0.7239503053714349), np.float64(4.0547709618287874e-05), 0)",613.125,-90.72058964554326,0.005081166618833066,0.0,613.125,-90.72058964554326,0.005081166618833066,0.0,613.125,-90.72058964554326,0.005081166618833066,0.0,613.125,-90.72058964554326,0.005081166618833066,0.0,0.0,0.0,0.0
100,"(np.float64(-1.4515294343286922), np.float64(8.129866590132905e-05), np.float64(9.81))","(np.float64(-1.4515294343286915), np.float64(8.129866590132907e-05), 0)","(np.float64(-0.7983411888807803), np.float64(4.471426624573099e-05), 0)",613.125,-90.72058964554326,0.005081166618833066,0.0,613.125,-90.72058964554326,0.005081166618833066,0.0,613.125,-90.72058964554326,0.005081166618833066,0.0,613.125,-90.72058964554326,0.005081166618833066,0.0,0.0,0.0,0.0
105,"(np.float64(-1.4515294343286922), np.float64(8.129866590132905e-05), np.float64(9.81))","(np.float64(-1.524105906045126), np.float64(8.536359919639552e-05), 0)","(np.float64(-0.8763608959759475), np.float64(4.9084069537927425e-05), 0)",613.125,-90.72058964554326,0.005081166618833066,0.0,613.125,-90.72058964554326,0.005081166618833066,0.0,613.125,-90.72058964554326,0.005081166618833066,0.0,613.125,-90.72058964554326,0.005081166618833066,0.0,0.0,0.0,0.0
110,"(np.float64(-1.4515294343286922), np.float64(8.129866590132905e-05), np.float64(9.81))","(np.float64(-1.5966823777615606), np.float64(8.942853249146197e-05), 0)","(np.float64(-0.9580094266569363), np.float64(5.365711949487718e-05), 0)",613.125,-90.72058964554326,0.005081166618833066,0.0,613.125,-90.72058964554326,0.005081166618833066,0.0,613.125,-90.72058964554326,0.005081166618833066,0.0,613.125,-90.72058964554326,0.005081166618833066,0.0,0.0,0.0,0.0
115,"(np.float64(-1.4515294343286922), np.float64(8.129866590132905e-05), np.float64(9.81))","(np.float64(-1.6692588494779952), np.float64(9.349346578652843e-05), 0)","(np.float64(-1.043286780923747), np.float64(5.843341611658026e-05), 0)",613.125,-90.72058964554326,0.005081166618833066,0.0,613.125,-90.72058964554326,0.005081166618833066,0.0,613.125,-90.72058964554326,0.005081166618833066,0.0,613.125,-90.72058964554326,0.005081166618833066,0.0,0.0,0.0,0.0
120,"(np.float64(-1.4515294343286922), np.float64(8.129866590132905e-05), np.float64(9.81))","(np.float64(-1.7418353211944297), np.float64(9.755839908159488e-05), 0)","(np.float64(-1.1321929587763793), np.float64(6.341295940303667e-05), 0)",613.125,-90.72058964554326,0.005081166618833066,0.0,613.125,-90.72058964554326,0.005081166618833066,0.0,613.125,-90.72058964554326,0.005081166618833066,0.0,613.125,-90.72058964554326,0.005081166618833066,0.0,0.0,0.0,0.0
125,"(np.float64(-1.4515294343286922), np.float64(8.129866590132905e-05), np.float64(9.81))","(np.float64(-1.8144117929108643), np.float64(0.00010162333237666134), 0)","(np.float64(-1.2247279602148333), np.float64(6.85957493542464e-05), 0)",613.125,-90.72058964554326,0.005081166618833066,0.0,613.125,-90.72058964554326,0.005081166618833066,0.0,613.125,-90.72058964554326,0.005081166618833066,0.0,613.125,-90.72058964554326,0.005081166618833066,0.0,0.0,0.0,0.0
130,"(np.float64(-1.4515294343286922), np.float64(8.129866590132905e-05), np.float64(9.81))","(np.float64(-1.8869882646272989), np.float64(0.00010568826567172779), 0)","(np.float64(-1.320891785239109), np.float64(7.398178597020944e-05), 0)",613.125,-90.72058964554326,0.005081166618833066,0.0,613.125,-90.72058964554326,0.005081166618833066,0.0,613.125,-90.72058964554326,0.005081166618833066,0.0,613.125,-90.72058964554326,0.005081166618833066,0.0,0.0,0.0,0.0
135,"(np.float64(-1.4515294343286922), np.float64(8.129866590132905e-05), np.float64(9.81))","(np.float64(-1.9595647363437334), np.float64(0.00010975319896679424), 0)","(np.float64(-1.4206844338492066), np.float64(7.957106925092581e-05), 0)",613.125,-90.72058964554326,0.005081166618833066,0.0,613.125,-90.72058964554326,0.005081166618833066,0.0,613.125,-90.72058964554326,0.005081166618833066,0.0,613.125,-90.72058964554326,0.005081166618833066,0.0,0.0,0.0,0.0
140,"(np.float64(-1.4515294343286922), np.float64(8.129866590132905e-05), np.float64(9.81))","(np.float64(-2.032141208060168), np.float64(0.0001138181322618607), 0)","(np.float64(-1.5241059060451259), np.float64(8.53635991963955e-05), 0)",613.125,-90.72058964554326,0.005081166618833066,0.0,613.125,-90.72058964554326,0.005081166618833066,0.0,613.125,-90.72058964554326,0.005081166618833066,0.0,613.125,-90.72058964554326,0.005081166618833066,0.0,0.0,0.0,0.0
145,"(np.float64(-1.4515294343286922), np.float64(8.129866590132905e-05), np.float64(9.81))","(np.float64(-2.1047176797766025), np.float64(0.00011788306555692715), 0)","(np.float64(-1.6311562018268668), np.float64(9.135937580661852e-05), 0)",613.125,-90.72058964554326,0.005081166618833066,0.0,613.125,-90.72058964554326,0.005081166618833066,0.0,613.125,-90.72058964554326,0.005081166618833066,0.0,613.125,-90.72058964554326,0.005081166618833066,0.0,0.0,0.0,0.0
150,"(np.float64(-1.4515294343286922), np.float64(8.129866590132905e-05), np.float64(9.81))","(np.float64(-2.177294151493037), np.float64(0.0001219479988519936), 0)","(np.float64(-1.7418353211944295), np.float64(9.755839908159485e-05), 0)",613.125,-90.72058964554326,0.005081166618833066,0.0,613.125,-90.72058964554326,0.005081166618833066,0.0,613.125,-90.72058964554326,0.005081166618833066,0.0,613.125,-90.72058964554326,0.005081166618833066,0.0,0.0,0.0,0.0
155,"(np.float64(-1.4515294343286922), np.float64(8.129866590132905e-05), np.float64(9.81))","(np.float64(-2.2498706232094716), np.float64(0.00012601293214706006), 0)","(np.float64(-1.856143264147814), np.float64(0.00010396066902132452), 0)",613.125,-90.72058964554326,0.005081166618833066,0.0,613.125,-90.72058964554326,0.005081166618833066,0.0,613.125,-90.72058964554326,0.005081166618833066,0.0,613.125,-90.72058964554326,0.005081166618833066,0.0,0.0,0.0,0.0
160,"(np.float64(-1.4515294343286922), np.float64(8.129866590132905e-05), np.float64(9.81))","(np.float64(-2.322447094925906), np.float64(0.0001300778654421265), 0)","(np.float64(-1.97408003068702), np.float64(0.0001105661856258075), 0)",613.125,-90.72058964554326,0.005081166618833066,0.0,613.125,-90.72058964554326,0.005081166618833066,0.0,613.125,-90.72058964554326,0.005081166618833066,0.0,613.125,-90.72058964554326,0.005081166618833066,0.0,0.0,0.0,0.0
165,"(np.float64(-1.4515294343286922), np.float64(8.129866590132905e-05), np.float64(9.81))","(np.float64(-2.3950235666423407), np.float64(0.00013414279873719294), 0)","(np.float64(-2.095645620812048), np.float64(0.0001173749488950438), 0)",613.125,-90.72058964554326,0.005081166618833066,0.0,613.125,-90.72058964554326,0.005081166618833066,0.0,613.125,-90.72058964554326,0.005081166618833066,0.0,613.125,-90.72058964554326,0.005081166618833066,0.0,0.0,0.0,0.0
170,"(np.float64(-1.4515294343286922), np.float64(8.129866590132905e-05), np.float64(9.81))","(np.float64(-2.4676000383587753), np.float64(0.00013820773203225938), 0)","(np.float64(-2.220840034522898), np.float64(0.00012438695882903343), 0)",613.125,-90.72058964554326,0.005081166618833066,0.0,613.125,-90.72058964554326,0.005081166618833066,0.0,613.125,-90.72058964554326,0.005081166618833066,0.0,613.125,-90.72058964554326,0.005081166618833066,0.0,0.0,0.0,0.0
175,"(np.float64(-1.4515294343286922), np.float64(8.129866590132905e-05), np.float64(9.81))","(np.float64(-2.54017651007521), np.float64(0.00014227266532732582), 0)","(np.float64(-2.349663271819569), np.float64(0.0001316022154277764), 0)",613.125,-90.72058964554326,0.005081166618833066,0.0,613.125,-90.72058964554326,0.005081166618833066,0.0,613.125,-90.72058964554326,0.005081166618833066,0.0,613.125,-90.72058964554326,0.005081166618833066,0.0,0.0,0.0,0.0
180,"(np.float64(-1.4515294343286922), np.float64(8.129866590132905e-05), np.float64(9.81))","(np.float64(-2.6127529817916444), np.float64(0.00014633759862239226), 0)","(np.float64(-2.482115332702062), np.float64(0.00013902071869127268), 0)",613.125,-90.72058964554326,0.005081166618833066,0.0,613.125,-90.72058964554326,0.005081166618833066,0.0,613.125,-90.72058964554326,0.005081166618833066,0.0,613.125,-90.72058964554326,0.005081166618833066,0.0,0.0,0.0,0.0
185,"(np.float64(-1.4515294343286922), np.float64(8.129866590132905e-05), np.float64(9.81))","(np.float64(-2.685329453508079), np.float64(0.0001504025319174587), 0)","(np.float64(-2.618196217170377), np.float64(0.00014664246861952228), 0)",613.125,-90.72058964554326,0.005081166618833066,0.0,613.125,-90.72058964554326,0.005081166618833066,0.0,613.125,-90.72058964554326,0.005081166618833066,0.0,613.125,-90.72058964554326,0.005081166618833066,0.0,0.0,0.0,0.0
190,"(np.float64(-1.4515294343286922), np.float64(8.129866590132905e-05), np.float64(9.81))","(np.float64(-2.7579059252245135), np.float64(0.00015446746521252514), 0)","(np.float64(-2.7579059252245135), np.float64(0.0001544674652125252), 0)",613.125,-90.72058964554326,0.005081166618833066,0.0,613.125,-90.72058964554326,0.005081166618833066,0.0,613.125,-90.72058964554326,0.005081166618833066,0.0,613.125,-90.72058964554326,0.005081166618833066,0.0,0.0,0.0,0.0
195,"(np.float64(-1.4515294343286922), np.float64(8.129866590132905e-05), np.float64(9.81))","(np.float64(-2.830482396940948), np.float64(0.00015853239850759158), 0)","(np.float64(-2.9012444568644717), np.float64(0.00016249570847028146), 0)",613.125,-90.72058964554326,0.005081166618833066,0.0,613.125,-90.72058964554326,0.005081166618833066,0.0,613.125,-90.72058964554326,0.005081166618833066,0.0,613.125,-90.72058964554326,0.005081166618833066,0.0,0.0,0.0,0.0
200,"(np.float64(-1.4515294343286922), np.float64(8.129866590132905e-05), np.float64(9.81))","(np.float64(-2.9030588686573826), np.float64(0.00016259733180265802), 0)","(np.float64(-3.0482118120902517), np.float64(0.00017072719839279104), 0)",613.125,-90.72058964554326,0.005081166618833066,0.0,613.125,-90.72058964554326,0.005081166618833066,0.0,613.125,-90.72058964554326,0.005081166618833066,0.0,613.125,-90.72058964554326,0.005081166618833066,0.0,0.0,0.0,0.0
205,"(np.float64(-1.4515294343286922), np.float64(8.129866590132905e-05), np.float64(9.81))","(np.float64(-2.975635340373817), np.float64(0.00016666226509772446), 0)","(np.float64(-3.1988079909018534), np.float64(0.00017916193498005394), 0)",613.125,-90.72058964554326,0.005081166618833066,0.0,613.125,-90.72058964554326,0.005081166618833066,0.0,613.125,-90.72058964554326,0.005081166618833066,0.0,613.125,-90.72058964554326,0.005081166618833066,0.0,0.0,0.0,0.0
210,"(np.float64(-1.4515294343286922), np.float64(8.129866590132905e-05), np.float64(9.81))","(np.float64(-3.0482118120902517), np.float64(0.0001707271983927909), 0)","(np.float64(-3.353032993299277), np.float64(0.00018779991823207015), 0)",613.125,-90.72058964554326,0.005081166618833066,0.0,613.125,-90.72058964554326,0.005081166618833066,0.0,613.125,-90.72058964554326,0.005081166618833066,0.0,613.125,-90.72058964554326,0.005081166618833066,0.0,0.0,0.0,0.0
215,"(np.float64(-1.4515294343286922), np.float64(8.129866590132905e-05), np.float64(9.81))","(np.float64(-3.1207882838066863), np.float64(0.00017479213168785734), 0)","(np.float64(-3.510886819282522), np.float64(0.0001966411481488397), 0)",613.125,-90.72058964554326,0.005081166618833066,0.0,613.125,-90.72058964554326,0.005081166618833066,0.0,613.125,-90.72058964554326,0.005081166618833066,0.0,613.125,-90.72058964554326,0.005081166618833066,0.0,0.0,0.0,0.0
220,"(np.float64(-1.4515294343286922), np.float64(8.129866590132905e-05), np.float64(9.81))","(np.float64(-3.193364755523121), np.float64(0.00017885706498292379), 0)","(np.float64(-3.672369468851589), np.float64(0.00020568562473036254), 0)",613.125,-90.72058964554326,0.005081166618833066,0.0,613.125,-90.72058964554326,0.005081166618833066,0.0,613.125,-90.72058964554326,0.005081166618833066,0.0,613.125,-90.72058964554326,0.005081166618833066,0.0,0.0,0.0,0.0
225,"(np.float64(-1.4515294343286922), np.float64(8.129866590132905e-05), np.float64(9.81))","(np.float64(-3.2659412272395554), np.float64(0.00018292199827799023), 0)","(np.float64(-3.8374809420064775), np.float64(0.0002149333479766387), 0)",613.125,-90.72058964554326,0.005081166618833066,0.0,613.125,-90.72058964554326,0.005081166618833066,0.0,613.125,-90.72058964554326,0.005081166618833066,0.0,613.125,-90.72058964554326,0.005081166618833066,0.0,0.0,0.0,0.0
230,"(np.float64(-1.4515294343286922), np.float64(8.129866590132905e-05), np.float64(9.81))","(np.float64(-3.33851769895599), np.float64(0.00018698693157305667), 0)","(np.float64(-4.006221238747188), np.float64(0.00022438431788766823), 0)",613.125,-90.72058964554326,0.005081166618833066,0.0,613.125,-90.72058964554326,0.005081166618833066,0.0,613.125,-90.72058964554326,0.005081166618833066,0.0,613.125,-90.72058964554326,0.005081166618833066,0.0,0.0,0.0,0.0
235,"(np.float64(-1.4515294343286922), np.float64(8.129866590132905e-05), np.float64(9.81))","(np.float64(-3.4110941706724245), np.float64(0.0001910518648681231), 0)","(np.float64(-4.178590359073721), np.float64(0.00023403853446345106), 0)",613.125,-90.72058964554326,0.005081166618833066,0.0,613.125,-90.72058964554326,0.005081166618833066,0.0,613.125,-90.72058964554326,0.005081166618833066,0.0,613.125,-90.72058964554326,0.005081166618833066,0.0,0.0,0.0,0.0
240,"(np.float64(-1.4515294343286922), np.float64(8.129866590132905e-05), np.float64(9.81))","(np.float64(-3.483670642388859), np.float64(0.00019511679816318955), 0)","(np.float64(-4.354588302986075), np.float64(0.0002438959977039872), 0)",613.125,-90.72058964554326,0.005081166618833066,0.0,613.125,-90.72058964554326,0.005081166618833066,0.0,613.125,-90.72058964554326,0.005081166618833066,0.0,613.125,-90.72058964554326,0.005081166618833066,0.0,0.0,0.0,0.0
245,"(np.float64(-1.4515294343286922), np.float64(8.129866590132905e-05), np.float64(9.81))","(np.float64(-3.5562471141052936), np.float64(0.000199181731458256), 0)","(np.float64(-4.534215070484251), np.float64(0.0002539567076092767), 0)",613.125,-90.72058964554326,0.005081166618833066,0.0,613.125,-90.72058964554326,0.005081166618833066,0.0,613.125,-90.72058964554326,0.005081166618833066,0.0,613.125,-90.72058964554326,0.005081166618833066,0.0,0.0,0.0,0.0
250,"(np.float64(-1.4515294343286922), np.float64(8.129866590132905e-05), np.float64(9.81))","(np.float64(-3.628823585821728), np.float64(0.00020324666475332243), 0)","(np.float64(-4.717470661568249), np.float64(0.00026422066417931947), 0)",613.125,-90.72058964554326,0.005081166618833066,0.0,613.125,-90.72058964554326,0.005081166618833066,0.0,613.125,-90.72058964554326,0.005081166618833066,0.0,613.125,-90.72058964554326,0.005081166618833066,0.0,0.0,0.0,0.0
255,"(np.float64(-1.4515294343286922), np.float64(8.129866590132905e-05), np.float64(9.81))","(np.float64(-3.7014000575381627), np.float64(0.00020731159804838887), 0)","(np.float64(-4.904355076238068), np.float64(0.0002746878674141156), 0)",613.125,-90.72058964554326,0.005081166618833066,0.0,613.125,-90.72058964554326,0.005081166618833066,0.0,613.125,-90.72058964554326,0.005081166618833066,0.0,613.125,-90.72058964554326,0.005081166618833066,0.0,0.0,0.0,0.0
260,"(np.float64(-1.4515294343286922), np.float64(8.129866590132905e-05), np.float64(9.81))","(np.float64(-3.7739765292545973), np.float64(0.0002113765313434553), 0)","(np.float64(-5.094868314493709), np.float64(0.000285358317313665), 0)",613.125,-90.72058964554326,0.005081166618833066,0.0,613.125,-90.72058964554326,0.005081166618833066,0.0,613.125,-90.72058964554326,0.005081166618833066,0.0,613.125,-90.72058964554326,0.005081166618833066,0.0,0.0,0.0,0.0
265,"(np.float64(-1.4515294343286922), np.float64(8.129866590132905e-05), np.float64(9.81))","(np.float64(-3.846553000971032), np.float64(0.00021544146463852175), 0)","(np.float64(-5.289010376335172), np.float64(0.0002962320138779678), 0)",613.125,-90.72058964554326,0.005081166618833066,0.0,613.125,-90.72058964554326,0.005081166618833066,0.0,613.125,-90.72058964554326,0.005081166618833066,0.0,613.125,-90.72058964554326,0.005081166618833066,0.0,0.0,0.0,0.0
270,"(np.float64(-1.4515294343286922), np.float64(8.129866590132905e-05), np.float64(9.81))","(np.float64(-3.9191294726874664), np.float64(0.0002195063979335882), 0)","(np.float64(-5.486781261762457), np.float64(0.00030730895710702385), 0)",613.125,-90.72058964554326,0.005081166618833066,0.0,613.125,-90.72058964554326,0.005081166618833066,0.0,613.125,-90.72058964554326,0.005081166618833066,0.0,613.125,-90.72058964554326,0.005081166618833066,0.0,0.0,0.0,0.0
275,"(np.float64(-1.4515294343286922), np.float64(8.129866590132905e-05), np.float64(9.81))","(np.float64(-3.991705944403901), np.float64(0.00022357133122865463), 0)","(np.float64(-5.688180970775563), np.float64(0.00031858914700083325), 0)",613.125,-90.72058964554326,0.005081166618833066,0.0,613.125,-90.72058964554326,0.005081166618833066,0.0,613.125,-90.72058964554326,0.005081166618833066,0.0,613.125,-90.72058964554326,0.005081166618833066,0.0,0.0,0.0,0.0
280,"(np.float64(-1.4515294343286922), np.float64(8.129866590132905e-05), np.float64(9.81))","(np.float64(-4.064282416120336), np.float64(0.00022763626452372107), 0)","(np.float64(-5.893209503374491), np.float64(0.000330072583559396), 0)",613.125,-90.72058964554326,0.005081166618833066,0.0,613.125,-90.72058964554326,0.005081166618833066,0.0,613.125,-90.72058964554326,0.005081166618833066,0.0,613.125,-90.72058964554326,0.005081166618833066,0.0,0.0,0.0,0.0
285,"(np.float64(-1.4515294343286922), np.float64(8.129866590132905e-05), np.float64(9.81))","(np.float64(-4.1368588878367705), np.float64(0.0002317011978187875), 0)","(np.float64(-6.101866859559241), np.float64(0.00034175926678271204), 0)",613.125,-90.72058964554326,0.005081166618833066,0.0,613.125,-90.72058964554326,0.005081166618833066,0.0,613.125,-90.72058964554326,0.005081166618833066,0.0,613.125,-90.72058964554326,0.005081166618833066,0.0,0.0,0.0,0.0
290,"(np.float64(-1.4515294343286922), np.float64(8.129866590132905e-05), np.float64(9.81))","(np.float64(-4.209435359553205), np.float64(0.00023576613111385395), 0)","(np.float64(-6.314153039329812), np.float64(0.00035364919667078143), 0)",613.125,-90.72058964554326,0.005081166618833066,0.0,613.125,-90.72058964554326,0.005081166618833066,0.0,613.125,-90.72058964554326,0.005081166618833066,0.0,613.125,-90.72058964554326,0.005081166618833066,0.0,0.0,0.0,0.0
295,"(np.float64(-1.4515294343286922), np.float64(8.129866590132905e-05), np.float64(9.81))","(np.float64(-4.28201183126964), np.float64(0.0002398310644089204), 0)","(np.float64(-6.530068042686206), np.float64(0.0003657423732236041), 0)",613.125,-90.72058964554326,0.005081166618833066,0.0,613.125,-90.72058964554326,0.005081166618833066,0.0,613.125,-90.72058964554326,0.005081166618833066,0.0,613.125,-90.72058964554326,0.005081166618833066,0.0,0.0,0.0,0.0
300,"(np.float64(-1.4515294343286922), np.float64(8.129866590132905e-05), np.float64(9.81))","(np.float64(-4.354588302986074), np.float64(0.00024389599770398683), 0)","(np.float64(-6.749611869628421), np.float64(0.0003780387964411801), 0)",613.125,-90.72058964554326,0.005081166618833066,0.0,613.125,-90.72058964554326,0.005081166618833066,0.0,613.125,-90.72058964554326,0.005081166618833066,0.0,613.125,-90.72058964554326,0.005081166618833066,0.0,0.0,0.0,0.0
305,"(np.float64(-1.4515294343286922), np.float64(8.129866590132905e-05), np.float64(9.81))","(np.float64(-4.427164774702509), np.float64(0.00024796093099905327), 0)","(np.float64(-6.972784520156457), np.float64(0.00039053846632350944), 0)",613.125,-90.72058964554326,0.005081166618833066,0.0,613.125,-90.72058964554326,0.005081166618833066,0.0,613.125,-90.72058964554326,0.005081166618833066,0.0,613.125,-90.72058964554326,0.005081166618833066,0.0,0.0,0.0,0.0
310,"(np.float64(-1.4515294343286922), np.float64(8.129866590132905e-05), np.float64(9.81))","(np.float64(-4.499741246418943), np.float64(0.00025202586429411974), 0)","(np.float64(-7.199585994270316), np.float64(0.0004032413828705921), 0)",613.125,-90.72058964554326,0.005081166618833066,0.0,613.125,-90.72058964554326,0.005081166618833066,0.0,613.125,-90.72058964554326,0.005081166618833066,0.0,613.125,-90.72058964554326,0.005081166618833066,0.0,0.0,0.0,0.0
315,"(np.float64(-1.4515294343286922), np.float64(8.129866590132905e-05), np.float64(9.81))","(np.float64(-4.572317718135378), np.float64(0.0002560907975891862), 0)","(np.float64(-7.430016291969996), np.float64(0.0004161475460824281), 0)",613.125,-90.72058964554326,0.005081166618833066,0.0,613.125,-90.72058964554326,0.005081166618833066,0.0,613.125,-90.72058964554326,0.005081166618833066,0.0,613.125,-90.72058964554326,0.005081166618833066,0.0,0.0,0.0,0.0
320,"(np.float64(-1.4515294343286922), np.float64(8.129866590132905e-05), np.float64(9.81))","(np.float64(-4.644894189851812), np.float64(0.0002601557308842527), 0)","(np.float64(-7.664075413255498), np.float64(0.0004292569559590174), 0)",613.125,-90.72058964554326,0.005081166618833066,0.0,613.125,-90.72058964554326,0.005081166618833066,0.0,613.125,-90.72058964554326,0.005081166618833066,0.0,613.125,-90.72058964554326,0.005081166618833066,0.0,0.0,0.0,0.0
325,"(np.float64(-1.4515294343286922), np.float64(8.129866590132905e-05), np.float64(9.81))","(np.float64(-4.717470661568247), np.float64(0.00026422066417931914), 0)","(np.float64(-7.901763358126821), np.float64(0.00044256961250036), 0)",613.125,-90.72058964554326,0.005081166618833066,0.0,613.125,-90.72058964554326,0.005081166618833066,0.0,613.125,-90.72058964554326,0.005081166618833066,0.0,613.125,-90.72058964554326,0.005081166618833066,0.0,0.0,0.0,0.0
330,"(np.float64(-1.4515294343286922), np.float64(8.129866590132905e-05), np.float64(9.81))","(np.float64(-4.7900471332846815), np.float64(0.0002682855974743856), 0)","(np.float64(-8.143080126583966), np.float64(0.00045608551570645595), 0)",613.125,-90.72058964554326,0.005081166618833066,0.0,613.125,-90.72058964554326,0.005081166618833066,0.0,613.125,-90.72058964554326,0.005081166618833066,0.0,613.125,-90.72058964554326,0.005081166618833066,0.0,0.0,0.0,0.0
335,"(np.float64(-1.4515294343286922), np.float64(8.129866590132905e-05), np.float64(9.81))","(np.float64(-4.862623605001116), np.float64(0.0002723505307694521), 0)","(np.float64(-8.388025718626933), np.float64(0.00046980466557730523), 0)",613.125,-90.72058964554326,0.005081166618833066,0.0,613.125,-90.72058964554326,0.005081166618833066,0.0,613.125,-90.72058964554326,0.005081166618833066,0.0,613.125,-90.72058964554326,0.005081166618833066,0.0,0.0,0.0,0.0
340,"(np.float64(-1.4515294343286922), np.float64(8.129866590132905e-05), np.float64(9.81))","(np.float64(-4.935200076717551), np.float64(0.00027641546406451855), 0)","(np.float64(-8.63660013425572), np.float64(0.00048372706211290785), 0)",613.125,-90.72058964554326,0.005081166618833066,0.0,613.125,-90.72058964554326,0.005081166618833066,0.0,613.125,-90.72058964554326,0.005081166618833066,0.0,613.125,-90.72058964554326,0.005081166618833066,0.0,0.0,0.0,0.0
345,"(np.float64(-1.4515294343286922), np.float64(8.129866590132905e-05), np.float64(9.81))","(np.float64(-5.007776548433985), np.float64(0.000280480397359585), 0)","(np.float64(-8.888803373470331), np.float64(0.0004978527053132638), 0)",613.125,-90.72058964554326,0.005081166618833066,0.0,613.125,-90.72058964554326,0.005081166618833066,0.0,613.125,-90.72058964554326,0.005081166618833066,0.0,613.125,-90.72058964554326,0.005081166618833066,0.0,0.0,0.0,0.0
350,"(np.float64(-1.4515294343286922), np.float64(8.129866590132905e-05), np.float64(9.81))","(np.float64(-5.08035302015042), np.float64(0.0002845453306546515), 0)","(np.float64(-9.144635436270763), np.float64(0.000512181595178373), 0)",613.125,-90.72058964554326,0.005081166618833066,0.0,613.125,-90.72058964554326,0.005081166618833066,0.0,613.125,-90.72058964554326,0.005081166618833066,0.0,613.125,-90.72058964554326,0.005081166618833066,0.0,0.0,0.0,0.0
355,"(np.float64(-1.4515294343286922), np.float64(8.129866590132905e-05), np.float64(9.81))","(np.float64(-5.152929491866854), np.float64(0.00028861026394971795), 0)","(np.float64(-9.404096322657017), np.float64(0.0005267137317082355), 0)",613.125,-90.72058964554326,0.005081166618833066,0.0,613.125,-90.72058964554326,0.005081166618833066,0.0,613.125,-90.72058964554326,0.005081166618833066,0.0,613.125,-90.72058964554326,0.005081166618833066,0.0,0.0,0.0,0.0
360,"(np.float64(-1.4515294343286922), np.float64(8.129866590132905e-05), np.float64(9.81))","(np.float64(-5.225505963583289), np.float64(0.0002926751972447844), 0)","(np.float64(-9.667186032629091), np.float64(0.0005414491149028514), 0)",613.125,-90.72058964554326,0.005081166618833066,0.0,613.125,-90.72058964554326,0.005081166618833066,0.0,613.125,-90.72058964554326,0.005081166618833066,0.0,613.125,-90.72058964554326,0.005081166618833066,0.0,0.0,0.0,0.0
365,"(np.float64(-1.4515294343286922), np.float64(8.129866590132905e-05), np.float64(9.81))","(np.float64(-5.298082435299723), np.float64(0.0002967401305398509), 0)","(np.float64(-9.933904566186989), np.float64(0.0005563877447622206), 0)",613.125,-90.72058964554326,0.005081166618833066,0.0,613.125,-90.72058964554326,0.005081166618833066,0.0,613.125,-90.72058964554326,0.005081166618833066,0.0,613.125,-90.72058964554326,0.005081166618833066,0.0,0.0,0.0,0.0
370,"(np.float64(-1.4515294343286922), np.float64(8.129866590132905e-05), np.float64(9.81))","(np.float64(-5.370658907016158), np.float64(0.00030080506383491735), 0)","(np.float64(-10.204251923330707), np.float64(0.0005715296212863432), 0)",613.125,-90.72058964554326,0.005081166618833066,0.0,613.125,-90.72058964554326,0.005081166618833066,0.0,613.125,-90.72058964554326,0.005081166618833066,0.0,613.125,-90.72058964554326,0.005081166618833066,0.0,0.0,0.0,0.0
375,"(np.float64(-1.4515294343286922), np.float64(8.129866590132905e-05), np.float64(9.81))","(np.float64(-5.4432353787325924), np.float64(0.0003048699971299838), 0)","(np.float64(-10.478228104060248), np.float64(0.000586874744475219), 0)",613.125,-90.72058964554326,0.005081166618833066,0.0,613.125,-90.72058964554326,0.005081166618833066,0.0,613.125,-90.72058964554326,0.005081166618833066,0.0,613.125,-90.72058964554326,0.005081166618833066,0.0,0.0,0.0,0.0
380,"(np.float64(-1.4515294343286922), np.float64(8.129866590132905e-05), np.float64(9.81))","(np.float64(-5.515811850449027), np.float64(0.0003089349304250503), 0)","(np.float64(-10.75583310837561), np.float64(0.0006024231143288482), 0)",613.125,-90.72058964554326,0.005081166618833066,0.0,613.125,-90.72058964554326,0.005081166618833066,0.0,613.125,-90.72058964554326,0.005081166618833066,0.0,613.125,-90.72058964554326,0.005081166618833066,0.0,0.0,0.0,0.0
385,"(np.float64(-1.4515294343286922), np.float64(8.129866590132905e-05), np.float64(9.81))","(np.float64(-5.5883883221654616), np.float64(0.00031299986372011675), 0)","(np.float64(-11.037066936276794), np.float64(0.0006181747308472307), 0)",613.125,-90.72058964554326,0.005081166618833066,0.0,613.125,-90.72058964554326,0.005081166618833066,0.0,613.125,-90.72058964554326,0.005081166618833066,0.0,613.125,-90.72058964554326,0.005081166618833066,0.0,0.0,0.0,0.0
390,"(np.float64(-1.4515294343286922), np.float64(8.129866590132905e-05), np.float64(9.81))","(np.float64(-5.660964793881896), np.float64(0.0003170647970151832), 0)","(np.float64(-11.3219295877638), np.float64(0.0006341295940303665), 0)",613.125,-90.72058964554326,0.005081166618833066,0.0,613.125,-90.72058964554326,0.005081166618833066,0.0,613.125,-90.72058964554326,0.005081166618833066,0.0,613.125,-90.72058964554326,0.005081166618833066,0.0,0.0,0.0,0.0
395,"(np.float64(-1.4515294343286922), np.float64(8.129866590132905e-05), np.float64(9.81))","(np.float64(-5.733541265598331), np.float64(0.0003211297303102497), 0)","(np.float64(-11.610421062836627), np.float64(0.0006502877038782557), 0)",613.125,-90.72058964554326,0.005081166618833066,0.0,613.125,-90.72058964554326,0.005081166618833066,0.0,613.125,-90.72058964554326,0.005081166618833066,0.0,613.125,-90.72058964554326,0.005081166618833066,0.0,0.0,0.0,0.0
400,"(np.float64(-1.4515294343286922), np.float64(8.129866590132905e-05), np.float64(9.81))","(np.float64(-5.806117737314765), np.float64(0.00032519466360531616), 0)","(np.float64(-11.902541361495276), np.float64(0.0006666490603908982), 0)",613.125,-90.72058964554326,0.005081166618833066,0.0,613.125,-90.72058964554326,0.005081166618833066,0.0,613.125,-90.72058964554326,0.005081166618833066,0.0,613.125,-90.72058964554326,0.005081166618833066,0.0,0.0,0.0,0.0
405,"(np.float64(-1.4515294343286922), np.float64(8.129866590132905e-05), np.float64(9.81))","(np.float64(-5.8786942090312), np.float64(0.0003292595969003826), 0)","(np.float64(-12.198290483739747), np.float64(0.000683213663568294), 0)",613.125,-90.72058964554326,0.005081166618833066,0.0,613.125,-90.72058964554326,0.005081166618833066,0.0,613.125,-90.72058964554326,0.005081166618833066,0.0,613.125,-90.72058964554326,0.005081166618833066,0.0,0.0,0.0,0.0
410,"(np.float64(-1.4515294343286922), np.float64(8.129866590132905e-05), np.float64(9.81))","(np.float64(-5.951270680747634), np.float64(0.0003333245301954491), 0)","(np.float64(-12.497668429570039), np.float64(0.0006999815134104431), 0)",613.125,-90.72058964554326,0.005081166618833066,0.0,613.125,-90.72058964554326,0.005081166618833066,0.0,613.125,-90.72058964554326,0.005081166618833066,0.0,613.125,-90.72058964554326,0.005081166618833066,0.0,0.0,0.0,0.0
415,"(np.float64(-1.4515294343286922), np.float64(8.129866590132905e-05), np.float64(9.81))","(np.float64(-6.023847152464069), np.float64(0.00033738946349051556), 0)","(np.float64(-12.800675198986154), np.float64(0.0007169526099173456), 0)",613.125,-90.72058964554326,0.005081166618833066,0.0,613.125,-90.72058964554326,0.005081166618833066,0.0,613.125,-90.72058964554326,0.005081166618833066,0.0,613.125,-90.72058964554326,0.005081166618833066,0.0,0.0,0.0,0.0
420,"(np.float64(-1.4515294343286922), np.float64(8.129866590132905e-05), np.float64(9.81))","(np.float64(-6.096423624180503), np.float64(0.000341454396785582), 0)","(np.float64(-13.10731079198809), np.float64(0.0007341269530890014), 0)",613.125,-90.72058964554326,0.005081166618833066,0.0,613.125,-90.72058964554326,0.005081166618833066,0.0,613.125,-90.72058964554326,0.005081166618833066,0.0,613.125,-90.72058964554326,0.005081166618833066,0.0,0.0,0.0,0.0
425,"(np.float64(-1.4515294343286922), np.float64(8.129866590132905e-05), np.float64(9.81))","(np.float64(-6.169000095896938), np.float64(0.0003455193300806485), 0)","(np.float64(-13.417575208575848), np.float64(0.0007515045429254104), 0)",613.125,-90.72058964554326,0.005081166618833066,0.0,613.125,-90.72058964554326,0.005081166618833066,0.0,613.125,-90.72058964554326,0.005081166618833066,0.0,613.125,-90.72058964554326,0.005081166618833066,0.0,0.0,0.0,0.0
430,"(np.float64(-1.4515294343286922), np.float64(8.129866590132905e-05), np.float64(9.81))","(np.float64(-6.2415765676133725), np.float64(0.00034958426337571496), 0)","(np.float64(-13.731468448749427), np.float64(0.0007690853794265728), 0)",613.125,-90.72058964554326,0.005081166618833066,0.0,613.125,-90.72058964554326,0.005081166618833066,0.0,613.125,-90.72058964554326,0.005081166618833066,0.0,613.125,-90.72058964554326,0.005081166618833066,0.0,0.0,0.0,0.0
435,"(np.float64(-1.4515294343286922), np.float64(8.129866590132905e-05), np.float64(9.81))","(np.float64(-6.314153039329807), np.float64(0.00035364919667078143), 0)","(np.float64(-14.048990512508828), np.float64(0.0007868694625924886), 0)",613.125,-90.72058964554326,0.005081166618833066,0.0,613.125,-90.72058964554326,0.005081166618833066,0.0,613.125,-90.72058964554326,0.005081166618833066,0.0,613.125,-90.72058964554326,0.005081166618833066,0.0,0.0,0.0,0.0
440,"(np.float64(-1.4515294343286922), np.float64(8.129866590132905e-05), np.float64(9.81))","(np.float64(-6.386729511046242), np.float64(0.0003577141299658479), 0)","(np.float64(-14.37014139985405), np.float64(0.0008048567924231576), 0)",613.125,-90.72058964554326,0.005081166618833066,0.0,613.125,-90.72058964554326,0.005081166618833066,0.0,613.125,-90.72058964554326,0.005081166618833066,0.0,613.125,-90.72058964554326,0.005081166618833066,0.0,0.0,0.0,0.0
445,"(np.float64(-1.4515294343286922), np.float64(8.129866590132905e-05), np.float64(9.81))","(np.float64(-6.459305982762676), np.float64(0.00036177906326091436), 0)","(np.float64(-14.694921110785096), np.float64(0.0008230473689185801), 0)",613.125,-90.72058964554326,0.005081166618833066,0.0,613.125,-90.72058964554326,0.005081166618833066,0.0,613.125,-90.72058964554326,0.005081166618833066,0.0,613.125,-90.72058964554326,0.005081166618833066,0.0,0.0,0.0,0.0
450,"(np.float64(-1.4515294343286922), np.float64(8.129866590132905e-05), np.float64(9.81))","(np.float64(-6.531882454479111), np.float64(0.00036584399655598083), 0)","(np.float64(-15.023329645301962), np.float64(0.0008414411920787557), 0)",613.125,-90.72058964554326,0.005081166618833066,0.0,613.125,-90.72058964554326,0.005081166618833066,0.0,613.125,-90.72058964554326,0.005081166618833066,0.0,613.125,-90.72058964554326,0.005081166618833066,0.0,0.0,0.0,0.0
455,"(np.float64(-1.4515294343286922), np.float64(8.129866590132905e-05), np.float64(9.81))","(np.float64(-6.604458926195545), np.float64(0.0003699089298510473), 0)","(np.float64(-15.35536700340465), np.float64(0.0008600382619036848), 0)",613.125,-90.72058964554326,0.005081166618833066,0.0,613.125,-90.72058964554326,0.005081166618833066,0.0,613.125,-90.72058964554326,0.005081166618833066,0.0,613.125,-90.72058964554326,0.005081166618833066,0.0,0.0,0.0,0.0
460,"(np.float64(-1.4515294343286922), np.float64(8.129866590132905e-05), np.float64(9.81))","(np.float64(-6.67703539791198), np.float64(0.00037397386314611377), 0)","(np.float64(-15.69103318509316), np.float64(0.0008788385783933671), 0)",613.125,-90.72058964554326,0.005081166618833066,0.0,613.125,-90.72058964554326,0.005081166618833066,0.0,613.125,-90.72058964554326,0.005081166618833066,0.0,613.125,-90.72058964554326,0.005081166618833066,0.0,0.0,0.0,0.0
465,"(np.float64(-1.4515294343286922), np.float64(8.129866590132905e-05), np.float64(9.81))","(np.float64(-6.749611869628414), np.float64(0.00037803879644118023), 0)","(np.float64(-16.03032819036749), np.float64(0.0008978421415478028), 0)",613.125,-90.72058964554326,0.005081166618833066,0.0,613.125,-90.72058964554326,0.005081166618833066,0.0,613.125,-90.72058964554326,0.005081166618833066,0.0,613.125,-90.72058964554326,0.005081166618833066,0.0,0.0,0.0,0.0
470,"(np.float64(-1.4515294343286922), np.float64(8.129866590132905e-05), np.float64(9.81))","(np.float64(-6.822188341344849), np.float64(0.0003821037297362467), 0)","(np.float64(-16.373252019227646), np.float64(0.0009170489513669919), 0)",613.125,-90.72058964554326,0.005081166618833066,0.0,613.125,-90.72058964554326,0.005081166618833066,0.0,613.125,-90.72058964554326,0.005081166618833066,0.0,613.125,-90.72058964554326,0.005081166618833066,0.0,0.0,0.0,0.0
475,"(np.float64(-1.4515294343286922), np.float64(8.129866590132905e-05), np.float64(9.81))","(np.float64(-6.8947648130612835), np.float64(0.00038616866303131317), 0)","(np.float64(-16.71980467167362), np.float64(0.0009364590078509341), 0)",613.125,-90.72058964554326,0.005081166618833066,0.0,613.125,-90.72058964554326,0.005081166618833066,0.0,613.125,-90.72058964554326,0.005081166618833066,0.0,613.125,-90.72058964554326,0.005081166618833066,0.0,0.0,0.0,0.0
480,"(np.float64(-1.4515294343286922), np.float64(8.129866590132905e-05), np.float64(9.81))","(np.float64(-6.967341284777718), np.float64(0.00039023359632637964), 0)","(np.float64(-17.069986147705418), np.float64(0.0009560723109996298), 0)",613.125,-90.72058964554326,0.005081166618833066,0.0,613.125,-90.72058964554326,0.005081166618833066,0.0,613.125,-90.72058964554326,0.005081166618833066,0.0,613.125,-90.72058964554326,0.005081166618833066,0.0,0.0,0.0,0.0
485,"(np.float64(-1.4515294343286922), np.float64(8.129866590132905e-05), np.float64(9.81))","(np.float64(-7.039917756494153), np.float64(0.0003942985296214461), 0)","(np.float64(-17.423796447323035), np.float64(0.0009758888608130788), 0)",613.125,-90.72058964554326,0.005081166618833066,0.0,613.125,-90.72058964554326,0.005081166618833066,0.0,613.125,-90.72058964554326,0.005081166618833066,0.0,613.125,-90.72058964554326,0.005081166618833066,0.0,0.0,0.0,0.0
490,"(np.float64(-1.4515294343286922), np.float64(8.129866590132905e-05), np.float64(9.81))","(np.float64(-7.112494228210587), np.float64(0.00039836346291651257), 0)","(np.float64(-17.781235570526476), np.float64(0.0009959086572912809), 0)",613.125,-90.72058964554326,0.005081166618833066,0.0,613.125,-90.72058964554326,0.005081166618833066,0.0,613.125,-90.72058964554326,0.005081166618833066,0.0,613.125,-90.72058964554326,0.005081166618833066,0.0,0.0,0.0,0.0
495,"(np.float64(-1.4515294343286922), np.float64(8.129866590132905e-05), np.float64(9.81))","(np.float64(-7.185070699927022), np.float64(0.00040242839621157904), 0)","(np.float64(-18.14230351731574), np.float64(0.0010161317004342364), 0)",613.125,-90.72058964554326,0.005081166618833066,0.0,613.125,-90.72058964554326,0.005081166618833066,0.0,613.125,-90.72058964554326,0.005081166618833066,0.0,613.125,-90.72058964554326,0.005081166618833066,0.0,0.0,0.0,0.0
500,"(np.float64(-1.4515294343286922), np.float64(8.129866590132905e-05), np.float64(9.81))","(np.float64(-7.257647171643456), np.float64(0.0004064933295066455), 0)","(np.float64(-18.507000287690822), np.float64(0.0010365579902419453), 0)",613.125,-90.72058964554326,0.005081166618833066,0.0,613.125,-90.72058964554326,0.005081166618833066,0.0,613.125,-90.72058964554326,0.005081166618833066,0.0,613.125,-90.72058964554326,0.005081166618833066,0.0,0.0,0.0,0.0
505,"(np.float64(-1.4515294343286922), np.float64(8.129866590132905e-05), np.float64(9.81))","(np.float64(-7.330223643359891), np.float64(0.000410558262801712), 0)","(np.float64(-18.875325881651726), np.float64(0.0010571875267144076), 0)",613.125,-90.72058964554326,0.005081166618833066,0.0,613.125,-90.72058964554326,0.005081166618833066,0.0,613.125,-90.72058964554326,0.005081166618833066,0.0,613.125,-90.72058964554326,0.005081166618833066,0.0,0.0,0.0,0.0
510,"(np.float64(-1.4515294343286922), np.float64(8.129866590132905e-05), np.float64(9.81))","(np.float64(-7.402800115076325), np.float64(0.00041462319609677844), 0)","(np.float64(-19.247280299198454), np.float64(0.0010780203098516232), 0)",613.125,-90.72058964554326,0.005081166618833066,0.0,613.125,-90.72058964554326,0.005081166618833066,0.0,613.125,-90.72058964554326,0.005081166618833066,0.0,613.125,-90.72058964554326,0.005081166618833066,0.0,0.0,0.0,0.0
515,"(np.float64(-1.4515294343286922), np.float64(8.129866590132905e-05), np.float64(9.81))","(np.float64(-7.47537658679276), np.float64(0.0004186881293918449), 0)","(np.float64(-19.622863540331004), np.float64(0.0010990563396535919), 0)",613.125,-90.72058964554326,0.005081166618833066,0.0,613.125,-90.72058964554326,0.005081166618833066,0.0,613.125,-90.72058964554326,0.005081166618833066,0.0,613.125,-90.72058964554326,0.005081166618833066,0.0,0.0,0.0,0.0
520,"(np.float64(-1.4515294343286922), np.float64(8.129866590132905e-05), np.float64(9.81))","(np.float64(-7.5479530585091945), np.float64(0.0004227530626869114), 0)","(np.float64(-20.002075605049374), np.float64(0.001120295616120314), 0)",613.125,-90.72058964554326,0.005081166618833066,0.0,613.125,-90.72058964554326,0.005081166618833066,0.0,613.125,-90.72058964554326,0.005081166618833066,0.0,613.125,-90.72058964554326,0.005081166618833066,0.0,0.0,0.0,0.0
525,"(np.float64(-1.4515294343286922), np.float64(8.129866590132905e-05), np.float64(9.81))","(np.float64(-7.620529530225629), np.float64(0.00042681799598197784), 0)","(np.float64(-20.384916493353565), np.float64(0.0011417381392517894), 0)",613.125,-90.72058964554326,0.005081166618833066,0.0,613.125,-90.72058964554326,0.005081166618833066,0.0,613.125,-90.72058964554326,0.005081166618833066,0.0,613.125,-90.72058964554326,0.005081166618833066,0.0,0.0,0.0,0.0
530,"(np.float64(-1.4515294343286922), np.float64(8.129866590132905e-05), np.float64(9.81))","(np.float64(-7.693106001942064), np.float64(0.0004308829292770443), 0)","(np.float64(-20.77138620524358), np.float64(0.001163383909048018), 0)",613.125,-90.72058964554326,0.005081166618833066,0.0,613.125,-90.72058964554326,0.005081166618833066,0.0,613.125,-90.72058964554326,0.005081166618833066,0.0,613.125,-90.72058964554326,0.005081166618833066,0.0,0.0,0.0,0.0
535,"(np.float64(-1.4515294343286922), np.float64(8.129866590132905e-05), np.float64(9.81))","(np.float64(-7.765682473658498), np.float64(0.0004349478625721108), 0)","(np.float64(-21.161484740719416), np.float64(0.0011852329255090002), 0)",613.125,-90.72058964554326,0.005081166618833066,0.0,613.125,-90.72058964554326,0.005081166618833066,0.0,613.125,-90.72058964554326,0.005081166618833066,0.0,613.125,-90.72058964554326,0.005081166618833066,0.0,0.0,0.0,0.0
540,"(np.float64(-1.4515294343286922), np.float64(8.129866590132905e-05), np.float64(9.81))","(np.float64(-7.838258945374933), np.float64(0.00043901279586717725), 0)","(np.float64(-21.555212099781073), np.float64(0.0012072851886347357), 0)",613.125,-90.72058964554326,0.005081166618833066,0.0,613.125,-90.72058964554326,0.005081166618833066,0.0,613.125,-90.72058964554326,0.005081166618833066,0.0,613.125,-90.72058964554326,0.005081166618833066,0.0,0.0,0.0,0.0
545,"(np.float64(-1.4515294343286922), np.float64(8.129866590132905e-05), np.float64(9.81))","(np.float64(-7.910835417091367), np.float64(0.0004430777291622437), 0)","(np.float64(-21.95256828242855), np.float64(0.0012295406984252244), 0)",613.125,-90.72058964554326,0.005081166618833066,0.0,613.125,-90.72058964554326,0.005081166618833066,0.0,613.125,-90.72058964554326,0.005081166618833066,0.0,613.125,-90.72058964554326,0.005081166618833066,0.0,0.0,0.0,0.0
550,"(np.float64(-1.4515294343286922), np.float64(8.129866590132905e-05), np.float64(9.81))","(np.float64(-7.983411888807802), np.float64(0.0004471426624573102), 0)","(np.float64(-22.353553288661853), np.float64(0.0012519994548804666), 0)",613.125,-90.72058964554326,0.005081166618833066,0.0,613.125,-90.72058964554326,0.005081166618833066,0.0,613.125,-90.72058964554326,0.005081166618833066,0.0,613.125,-90.72058964554326,0.005081166618833066,0.0,0.0,0.0,0.0
555,"(np.float64(-1.4515294343286922), np.float64(8.129866590132905e-05), np.float64(9.81))","(np.float64(-8.055988360524237), np.float64(0.00045120759575237665), 0)","(np.float64(-22.758167118480976), np.float64(0.001274661458000462), 0)",613.125,-90.72058964554326,0.005081166618833066,0.0,613.125,-90.72058964554326,0.005081166618833066,0.0,613.125,-90.72058964554326,0.005081166618833066,0.0,613.125,-90.72058964554326,0.005081166618833066,0.0,0.0,0.0,0.0
560,"(np.float64(-1.4515294343286922), np.float64(8.129866590132905e-05), np.float64(9.81))","(np.float64(-8.128564832240672), np.float64(0.0004552725290474431), 0)","(np.float64(-23.16640977188592), np.float64(0.0012975267077852109), 0)",613.125,-90.72058964554326,0.005081166618833066,0.0,613.125,-90.72058964554326,0.005081166618833066,0.0,613.125,-90.72058964554326,0.005081166618833066,0.0,613.125,-90.72058964554326,0.005081166618833066,0.0,0.0,0.0,0.0
565,"(np.float64(-1.4515294343286922), np.float64(8.129866590132905e-05), np.float64(9.81))","(np.float64(-8.201141303957106), np.float64(0.0004593374623425096), 0)","(np.float64(-23.578281248876685), np.float64(0.0013205952042347128), 0)",613.125,-90.72058964554326,0.005081166618833066,0.0,613.125,-90.72058964554326,0.005081166618833066,0.0,613.125,-90.72058964554326,0.005081166618833066,0.0,613.125,-90.72058964554326,0.005081166618833066,0.0,0.0,0.0,0.0
570,"(np.float64(-1.4515294343286922), np.float64(8.129866590132905e-05), np.float64(9.81))","(np.float64(-8.273717775673541), np.float64(0.00046340239563757605), 0)","(np.float64(-23.993781549453274), np.float64(0.0013438669473489681), 0)",613.125,-90.72058964554326,0.005081166618833066,0.0,613.125,-90.72058964554326,0.005081166618833066,0.0,613.125,-90.72058964554326,0.005081166618833066,0.0,613.125,-90.72058964554326,0.005081166618833066,0.0,0.0,0.0,0.0
575,"(np.float64(-1.4515294343286922), np.float64(8.129866590132905e-05), np.float64(9.81))","(np.float64(-8.346294247389975), np.float64(0.0004674673289326425), 0)","(np.float64(-24.412910673615684), np.float64(0.0013673419371279768), 0)",613.125,-90.72058964554326,0.005081166618833066,0.0,613.125,-90.72058964554326,0.005081166618833066,0.0,613.125,-90.72058964554326,0.005081166618833066,0.0,613.125,-90.72058964554326,0.005081166618833066,0.0,0.0,0.0,0.0
580,"(np.float64(-1.4515294343286922), np.float64(8.129866590132905e-05), np.float64(9.81))","(np.float64(-8.41887071910641), np.float64(0.000471532262227709), 0)","(np.float64(-24.835668621363915), np.float64(0.0013910201735717388), 0)",613.125,-90.72058964554326,0.005081166618833066,0.0,613.125,-90.72058964554326,0.005081166618833066,0.0,613.125,-90.72058964554326,0.005081166618833066,0.0,613.125,-90.72058964554326,0.005081166618833066,0.0,0.0,0.0,0.0
585,"(np.float64(-1.4515294343286922), np.float64(8.129866590132905e-05), np.float64(9.81))","(np.float64(-8.491447190822845), np.float64(0.00047559719552277545), 0)","(np.float64(-25.262055392697967), np.float64(0.001414901656680254), 0)",613.125,-90.72058964554326,0.005081166618833066,0.0,613.125,-90.72058964554326,0.005081166618833066,0.0,613.125,-90.72058964554326,0.005081166618833066,0.0,613.125,-90.72058964554326,0.005081166618833066,0.0,0.0,0.0,0.0
590,"(np.float64(-1.4515294343286922), np.float64(8.129866590132905e-05), np.float64(9.81))","(np.float64(-8.56402366253928), np.float64(0.0004796621288178419), 0)","(np.float64(-25.692070987617843), np.float64(0.0014389863864535228), 0)",613.125,-90.72058964554326,0.005081166618833066,0.0,613.125,-90.72058964554326,0.005081166618833066,0.0,613.125,-90.72058964554326,0.005081166618833066,0.0,613.125,-90.72058964554326,0.005081166618833066,0.0,0.0,0.0,0.0
595,"(np.float64(-1.4515294343286922), np.float64(8.129866590132905e-05), np.float64(9.81))","(np.float64(-8.636600134255714), np.float64(0.0004837270621129084), 0)","(np.float64(-26.12571540612354), np.float64(0.0014632743628915448), 0)",613.125,-90.72058964554326,0.005081166618833066,0.0,613.125,-90.72058964554326,0.005081166618833066,0.0,613.125,-90.72058964554326,0.005081166618833066,0.0,613.125,-90.72058964554326,0.005081166618833066,0.0,0.0,0.0,0.0
600,"(np.float64(-1.4515294343286922), np.float64(8.129866590132905e-05), np.float64(9.81))","(np.float64(-8.709176605972148), np.float64(0.00048779199540797486), 0)","(np.float64(-26.562988648215057), np.float64(0.0014877655859943202), 0)",613.125,-90.72058964554326,0.005081166618833066,0.0,613.125,-90.72058964554326,0.005081166618833066,0.0,613.125,-90.72058964554326,0.005081166618833066,0.0,613.125,-90.72058964554326,0.005081166618833066,0.0,0.0,0.0,0.0
605,"(np.float64(-1.4515294343286922), np.float64(8.129866590132905e-05), np.float64(9.81))","(np.float64(-8.781753077688583), np.float64(0.0004918569287030413), 0)","(np.float64(-27.003890713892396), np.float64(0.0015124600557618489), 0)",613.125,-90.72058964554326,0.005081166618833066,0.0,613.125,-90.72058964554326,0.005081166618833066,0.0,613.125,-90.72058964554326,0.005081166618833066,0.0,613.125,-90.72058964554326,0.005081166618833066,0.0,0.0,0.0,0.0
610,"(np.float64(-1.4515294343286922), np.float64(8.129866590132905e-05), np.float64(9.81))","(np.float64(-8.854329549405017), np.float64(0.0004959218619981077), 0)","(np.float64(-27.44842160315556), np.float64(0.001537357772194131), 0)",613.125,-90.72058964554326,0.005081166618833066,0.0,613.125,-90.72058964554326,0.005081166618833066,0.0,613.125,-90.72058964554326,0.005081166618833066,0.0,613.125,-90.72058964554326,0.005081166618833066,0.0,0.0,0.0,0.0
615,"(np.float64(-1.4515294343286922), np.float64(8.129866590132905e-05), np.float64(9.81))","(np.float64(-8.926906021121452), np.float64(0.0004999867952931742), 0)","(np.float64(-27.896581316004543), np.float64(0.0015624587352911661), 0)",613.125,-90.72058964554326,0.005081166618833066,0.0,613.125,-90.72058964554326,0.005081166618833066,0.0,613.125,-90.72058964554326,0.005081166618833066,0.0,613.125,-90.72058964554326,0.005081166618833066,0.0,0.0,0.0,0.0
620,"(np.float64(-1.4515294343286922), np.float64(8.129866590132905e-05), np.float64(9.81))","(np.float64(-8.999482492837886), np.float64(0.0005040517285882407), 0)","(np.float64(-28.348369852439347), np.float64(0.0015877629450529547), 0)",613.125,-90.72058964554326,0.005081166618833066,0.0,613.125,-90.72058964554326,0.005081166618833066,0.0,613.125,-90.72058964554326,0.005081166618833066,0.0,613.125,-90.72058964554326,0.005081166618833066,0.0,0.0,0.0,0.0
625,"(np.float64(-1.4515294343286922), np.float64(8.129866590132905e-05), np.float64(9.81))","(np.float64(-9.072058964554321), np.float64(0.0005081166618833071), 0)","(np.float64(-28.803787212459973), np.float64(0.0016132704014794965), 0)",613.125,-90.72058964554326,0.005081166618833066,0.0,613.125,-90.72058964554326,0.005081166618833066,0.0,613.125,-90.72058964554326,0.005081166618833066,0.0,613.125,-90.72058964554326,0.005081166618833066,0.0,0.0,0.0,0.0
630,"(np.float64(-1.4515294343286922), np.float64(8.129866590132905e-05), np.float64(9.81))","(np.float64(-9.144635436270756), np.float64(0.0005121815951783736), 0)","(np.float64(-29.262833396066423), np.float64(0.0016389811045707918), 0)",613.125,-90.72058964554326,0.005081166618833066,0.0,613.125,-90.72058964554326,0.005081166618833066,0.0,613.125,-90.72058964554326,0.005081166618833066,0.0,613.125,-90.72058964554326,0.005081166618833066,0.0,0.0,0.0,0.0
635,"(np.float64(-1.4515294343286922), np.float64(8.129866590132905e-05), np.float64(9.81))","(np.float64(-9.21721190798719), np.float64(0.0005162465284734401), 0)","(np.float64(-29.725508403258694), np.float64(0.0016648950543268403), 0)",613.125,-90.72058964554326,0.005081166618833066,0.0,613.125,-90.72058964554326,0.005081166618833066,0.0,613.125,-90.72058964554326,0.005081166618833066,0.0,613.125,-90.72058964554326,0.005081166618833066,0.0,0.0,0.0,0.0
640,"(np.float64(-1.4515294343286922), np.float64(8.129866590132905e-05), np.float64(9.81))","(np.float64(-9.289788379703625), np.float64(0.0005203114617685065), 0)","(np.float64(-30.191812234036785), np.float64(0.0016910122507476423), 0)",613.125,-90.72058964554326,0.005081166618833066,0.0,613.125,-90.72058964554326,0.005081166618833066,0.0,613.125,-90.72058964554326,0.005081166618833066,0.0,613.125,-90.72058964554326,0.005081166618833066,0.0,0.0,0.0,0.0
645,"(np.float64(-1.4515294343286922), np.float64(8.129866590132905e-05), np.float64(9.81))","(np.float64(-9.36236485142006), np.float64(0.000524376395063573), 0)","(np.float64(-30.661744888400698), np.float64(0.0017173326938331975), 0)",613.125,-90.72058964554326,0.005081166618833066,0.0,613.125,-90.72058964554326,0.005081166618833066,0.0,613.125,-90.72058964554326,0.005081166618833066,0.0,613.125,-90.72058964554326,0.005081166618833066,0.0,0.0,0.0,0.0
650,"(np.float64(-1.4515294343286922), np.float64(8.129866590132905e-05), np.float64(9.81))","(np.float64(-9.434941323136494), np.float64(0.0005284413283586395), 0)","(np.float64(-31.135306366350434), np.float64(0.0017438563835835061), 0)",613.125,-90.72058964554326,0.005081166618833066,0.0,613.125,-90.72058964554326,0.005081166618833066,0.0,613.125,-90.72058964554326,0.005081166618833066,0.0,613.125,-90.72058964554326,0.005081166618833066,0.0,0.0,0.0,0.0
655,"(np.float64(-1.4515294343286922), np.float64(8.129866590132905e-05), np.float64(9.81))","(np.float64(-9.507517794852928), np.float64(0.0005325062616537059), 0)","(np.float64(-31.612496667885992), np.float64(0.001770583319998568), 0)",613.125,-90.72058964554326,0.005081166618833066,0.0,613.125,-90.72058964554326,0.005081166618833066,0.0,613.125,-90.72058964554326,0.005081166618833066,0.0,613.125,-90.72058964554326,0.005081166618833066,0.0,0.0,0.0,0.0
660,"(np.float64(-1.4515294343286922), np.float64(8.129866590132905e-05), np.float64(9.81))","(np.float64(-9.580094266569363), np.float64(0.0005365711949487724), 0)","(np.float64(-32.09331579300738), np.float64(0.0017975135030783831), 0)",613.125,-90.72058964554326,0.005081166618833066,0.0,613.125,-90.72058964554326,0.005081166618833066,0.0,613.125,-90.72058964554326,0.005081166618833066,0.0,613.125,-90.72058964554326,0.005081166618833066,0.0,0.0,0.0,0.0
665,"(np.float64(-1.4515294343286922), np.float64(8.129866590132905e-05), np.float64(9.81))","(np.float64(-9.652670738285797), np.float64(0.0005406361282438389), 0)","(np.float64(-32.577763741714584), np.float64(0.0018246469328229516), 0)",613.125,-90.72058964554326,0.005081166618833066,0.0,613.125,-90.72058964554326,0.005081166618833066,0.0,613.125,-90.72058964554326,0.005081166618833066,0.0,613.125,-90.72058964554326,0.005081166618833066,0.0,0.0,0.0,0.0
670,"(np.float64(-1.4515294343286922), np.float64(8.129866590132905e-05), np.float64(9.81))","(np.float64(-9.725247210002232), np.float64(0.0005447010615389053), 0)","(np.float64(-33.06584051400761), np.float64(0.0018519836092322733), 0)",613.125,-90.72058964554326,0.005081166618833066,0.0,613.125,-90.72058964554326,0.005081166618833066,0.0,613.125,-90.72058964554326,0.005081166618833066,0.0,613.125,-90.72058964554326,0.005081166618833066,0.0,0.0,0.0,0.0
675,"(np.float64(-1.4515294343286922), np.float64(8.129866590132905e-05), np.float64(9.81))","(np.float64(-9.797823681718667), np.float64(0.0005487659948339718), 0)","(np.float64(-33.55754610988646), np.float64(0.0018795235323063484), 0)",613.125,-90.72058964554326,0.005081166618833066,0.0,613.125,-90.72058964554326,0.005081166618833066,0.0,613.125,-90.72058964554326,0.005081166618833066,0.0,613.125,-90.72058964554326,0.005081166618833066,0.0,0.0,0.0,0.0
680,"(np.float64(-1.4515294343286922), np.float64(8.129866590132905e-05), np.float64(9.81))","(np.float64(-9.870400153435101), np.float64(0.0005528309281290383), 0)","(np.float64(-34.05288052935113), np.float64(0.001907266702045177), 0)",613.125,-90.72058964554326,0.005081166618833066,0.0,613.125,-90.72058964554326,0.005081166618833066,0.0,613.125,-90.72058964554326,0.005081166618833066,0.0,613.125,-90.72058964554326,0.005081166618833066,0.0,0.0,0.0,0.0
685,"(np.float64(-1.4515294343286922), np.float64(8.129866590132905e-05), np.float64(9.81))","(np.float64(-9.942976625151536), np.float64(0.0005568958614241048), 0)","(np.float64(-34.55184377240162), np.float64(0.0019352131184487587), 0)",613.125,-90.72058964554326,0.005081166618833066,0.0,613.125,-90.72058964554326,0.005081166618833066,0.0,613.125,-90.72058964554326,0.005081166618833066,0.0,613.125,-90.72058964554326,0.005081166618833066,0.0,0.0,0.0,0.0
690,"(np.float64(-1.4515294343286922), np.float64(8.129866590132905e-05), np.float64(9.81))","(np.float64(-10.01555309686797), np.float64(0.0005609607947191712), 0)","(np.float64(-35.05443583903793), np.float64(0.001963362781517094), 0)",613.125,-90.72058964554326,0.005081166618833066,0.0,613.125,-90.72058964554326,0.005081166618833066,0.0,613.125,-90.72058964554326,0.005081166618833066,0.0,613.125,-90.72058964554326,0.005081166618833066,0.0,0.0,0.0,0.0
695,"(np.float64(-1.4515294343286922), np.float64(8.129866590132905e-05), np.float64(9.81))","(np.float64(-10.088129568584405), np.float64(0.0005650257280142377), 0)","(np.float64(-35.56065672926006), np.float64(0.0019917156912501823), 0)",613.125,-90.72058964554326,0.005081166618833066,0.0,613.125,-90.72058964554326,0.005081166618833066,0.0,613.125,-90.72058964554326,0.005081166618833066,0.0,613.125,-90.72058964554326,0.005081166618833066,0.0,0.0,0.0,0.0
700,"(np.float64(-1.4515294343286922), np.float64(8.129866590132905e-05), np.float64(9.81))","(np.float64(-10.16070604030084), np.float64(0.0005690906613093042), 0)","(np.float64(-36.07050644306802), np.float64(0.0020202718476480244), 0)",613.125,-90.72058964554326,0.005081166618833066,0.0,613.125,-90.72058964554326,0.005081166618833066,0.0,613.125,-90.72058964554326,0.005081166618833066,0.0,613.125,-90.72058964554326,0.005081166618833066,0.0,0.0,0.0,0.0
705,"(np.float64(-1.4515294343286922), np.float64(8.129866590132905e-05), np.float64(9.81))","(np.float64(-10.233282512017274), np.float64(0.0005731555946043706), 0)","(np.float64(-36.5839849804618), np.float64(0.0020490312507106196), 0)",613.125,-90.72058964554326,0.005081166618833066,0.0,613.125,-90.72058964554326,0.005081166618833066,0.0,613.125,-90.72058964554326,0.005081166618833066,0.0,613.125,-90.72058964554326,0.005081166618833066,0.0,0.0,0.0,0.0
710,"(np.float64(-1.4515294343286922), np.float64(8.129866590132905e-05), np.float64(9.81))","(np.float64(-10.305858983733708), np.float64(0.0005772205278994371), 0)","(np.float64(-37.1010923414414), np.float64(0.0020779939004379683), 0)",613.125,-90.72058964554326,0.005081166618833066,0.0,613.125,-90.72058964554326,0.005081166618833066,0.0,613.125,-90.72058964554326,0.005081166618833066,0.0,613.125,-90.72058964554326,0.005081166618833066,0.0,0.0,0.0,0.0
715,"(np.float64(-1.4515294343286922), np.float64(8.129866590132905e-05), np.float64(9.81))","(np.float64(-10.378435455450143), np.float64(0.0005812854611945036), 0)","(np.float64(-37.62182852600682), np.float64(0.00210715979683007), 0)",613.125,-90.72058964554326,0.005081166618833066,0.0,613.125,-90.72058964554326,0.005081166618833066,0.0,613.125,-90.72058964554326,0.005081166618833066,0.0,613.125,-90.72058964554326,0.005081166618833066,0.0,0.0,0.0,0.0
720,"(np.float64(-1.4515294343286922), np.float64(8.129866590132905e-05), np.float64(9.81))","(np.float64(-10.451011927166578), np.float64(0.00058535039448957), 0)","(np.float64(-38.146193534158066), np.float64(0.0021365289398869256), 0)",613.125,-90.72058964554326,0.005081166618833066,0.0,613.125,-90.72058964554326,0.005081166618833066,0.0,613.125,-90.72058964554326,0.005081166618833066,0.0,613.125,-90.72058964554326,0.005081166618833066,0.0,0.0,0.0,0.0
725,"(np.float64(-1.4515294343286922), np.float64(8.129866590132905e-05), np.float64(9.81))","(np.float64(-10.523588398883012), np.float64(0.0005894153277846365), 0)","(np.float64(-38.67418736589513), np.float64(0.002166101329608534), 0)",613.125,-90.72058964554326,0.005081166618833066,0.0,613.125,-90.72058964554326,0.005081166618833066,0.0,613.125,-90.72058964554326,0.005081166618833066,0.0,613.125,-90.72058964554326,0.005081166618833066,0.0,0.0,0.0,0.0
730,"(np.float64(-1.4515294343286922), np.float64(8.129866590132905e-05), np.float64(9.81))","(np.float64(-10.596164870599447), np.float64(0.000593480261079703), 0)","(np.float64(-39.205810021218014), np.float64(0.0021958769659948963), 0)",613.125,-90.72058964554326,0.005081166618833066,0.0,613.125,-90.72058964554326,0.005081166618833066,0.0,613.125,-90.72058964554326,0.005081166618833066,0.0,613.125,-90.72058964554326,0.005081166618833066,0.0,0.0,0.0,0.0
735,"(np.float64(-1.4515294343286922), np.float64(8.129866590132905e-05), np.float64(9.81))","(np.float64(-10.668741342315881), np.float64(0.0005975451943747694), 0)","(np.float64(-39.74106150012672), np.float64(0.0022258558490460116), 0)",613.125,-90.72058964554326,0.005081166618833066,0.0,613.125,-90.72058964554326,0.005081166618833066,0.0,613.125,-90.72058964554326,0.005081166618833066,0.0,613.125,-90.72058964554326,0.005081166618833066,0.0,0.0,0.0,0.0
740,"(np.float64(-1.4515294343286922), np.float64(8.129866590132905e-05), np.float64(9.81))","(np.float64(-10.741317814032316), np.float64(0.0006016101276698359), 0)","(np.float64(-40.27994180262125), np.float64(0.00225603797876188), 0)",613.125,-90.72058964554326,0.005081166618833066,0.0,613.125,-90.72058964554326,0.005081166618833066,0.0,613.125,-90.72058964554326,0.005081166618833066,0.0,613.125,-90.72058964554326,0.005081166618833066,0.0,0.0,0.0,0.0
745,"(np.float64(-1.4515294343286922), np.float64(8.129866590132905e-05), np.float64(9.81))","(np.float64(-10.81389428574875), np.float64(0.0006056750609649024), 0)","(np.float64(-40.822450928701606), np.float64(0.002286423355142502), 0)",613.125,-90.72058964554326,0.005081166618833066,0.0,613.125,-90.72058964554326,0.005081166618833066,0.0,613.125,-90.72058964554326,0.005081166618833066,0.0,613.125,-90.72058964554326,0.005081166618833066,0.0,0.0,0.0,0.0
750,"(np.float64(-1.4515294343286922), np.float64(8.129866590132905e-05), np.float64(9.81))","(np.float64(-10.886470757465185), np.float64(0.0006097399942599688), 0)","(np.float64(-41.36858887836778), np.float64(0.002317011978187877), 0)",613.125,-90.72058964554326,0.005081166618833066,0.0,613.125,-90.72058964554326,0.005081166618833066,0.0,613.125,-90.72058964554326,0.005081166618833066,0.0,613.125,-90.72058964554326,0.005081166618833066,0.0,0.0,0.0,0.0
755,"(np.float64(-1.4515294343286922), np.float64(8.129866590132905e-05), np.float64(9.81))","(np.float64(-10.95904722918162), np.float64(0.0006138049275550353), 0)","(np.float64(-41.91835565161978), np.float64(0.0023478038478980056), 0)",613.125,-90.72058964554326,0.005081166618833066,0.0,613.125,-90.72058964554326,0.005081166618833066,0.0,613.125,-90.72058964554326,0.005081166618833066,0.0,613.125,-90.72058964554326,0.005081166618833066,0.0,0.0,0.0,0.0
760,"(np.float64(-1.4515294343286922), np.float64(8.129866590132905e-05), np.float64(9.81))","(np.float64(-11.031623700898054), np.float64(0.0006178698608501018), 0)","(np.float64(-42.47175124845759), np.float64(0.0023787989642728873), 0)",613.125,-90.72058964554326,0.005081166618833066,0.0,613.125,-90.72058964554326,0.005081166618833066,0.0,613.125,-90.72058964554326,0.005081166618833066,0.0,613.125,-90.72058964554326,0.005081166618833066,0.0,0.0,0.0,0.0
765,"(np.float64(-1.4515294343286922), np.float64(8.129866590132905e-05), np.float64(9.81))","(np.float64(-11.104200172614489), np.float64(0.0006219347941451682), 0)","(np.float64(-43.02877566888123), np.float64(0.0024099973273125227), 0)",613.125,-90.72058964554326,0.005081166618833066,0.0,613.125,-90.72058964554326,0.005081166618833066,0.0,613.125,-90.72058964554326,0.005081166618833066,0.0,613.125,-90.72058964554326,0.005081166618833066,0.0,0.0,0.0,0.0
770,"(np.float64(-1.4515294343286922), np.float64(8.129866590132905e-05), np.float64(9.81))","(np.float64(-11.176776644330923), np.float64(0.0006259997274402347), 0)","(np.float64(-43.58942891289069), np.float64(0.002441398937016911), 0)",613.125,-90.72058964554326,0.005081166618833066,0.0,613.125,-90.72058964554326,0.005081166618833066,0.0,613.125,-90.72058964554326,0.005081166618833066,0.0,613.125,-90.72058964554326,0.005081166618833066,0.0,0.0,0.0,0.0
775,"(np.float64(-1.4515294343286922), np.float64(8.129866590132905e-05), np.float64(9.81))","(np.float64(-11.249353116047358), np.float64(0.0006300646607353012), 0)","(np.float64(-44.15371098048597), np.float64(0.002473003793386053), 0)",613.125,-90.72058964554326,0.005081166618833066,0.0,613.125,-90.72058964554326,0.005081166618833066,0.0,613.125,-90.72058964554326,0.005081166618833066,0.0,613.125,-90.72058964554326,0.005081166618833066,0.0,0.0,0.0,0.0
780,"(np.float64(-1.4515294343286922), np.float64(8.129866590132905e-05), np.float64(9.81))","(np.float64(-11.321929587763792), np.float64(0.0006341295940303676), 0)","(np.float64(-44.721621871667075), np.float64(0.0025048118964199483), 0)",613.125,-90.72058964554326,0.005081166618833066,0.0,613.125,-90.72058964554326,0.005081166618833066,0.0,613.125,-90.72058964554326,0.005081166618833066,0.0,613.125,-90.72058964554326,0.005081166618833066,0.0,0.0,0.0,0.0
785,"(np.float64(-1.4515294343286922), np.float64(8.129866590132905e-05), np.float64(9.81))","(np.float64(-11.394506059480227), np.float64(0.0006381945273254341), 0)","(np.float64(-45.293161586434), np.float64(0.0025368232461185965), 0)",613.125,-90.72058964554326,0.005081166618833066,0.0,613.125,-90.72058964554326,0.005081166618833066,0.0,613.125,-90.72058964554326,0.005081166618833066,0.0,613.125,-90.72058964554326,0.005081166618833066,0.0,0.0,0.0,0.0
790,"(np.float64(-1.4515294343286922), np.float64(8.129866590132905e-05), np.float64(9.81))","(np.float64(-11.467082531196661), np.float64(0.0006422594606205006), 0)","(np.float64(-45.86833012478675), np.float64(0.0025690378424819984), 0)",613.125,-90.72058964554326,0.005081166618833066,0.0,613.125,-90.72058964554326,0.005081166618833066,0.0,613.125,-90.72058964554326,0.005081166618833066,0.0,613.125,-90.72058964554326,0.005081166618833066,0.0,0.0,0.0,0.0
795,"(np.float64(-1.4515294343286922), np.float64(8.129866590132905e-05), np.float64(9.81))","(np.float64(-11.539659002913096), np.float64(0.000646324393915567), 0)","(np.float64(-46.44712748672532), np.float64(0.0026014556855101533), 0)",613.125,-90.72058964554326,0.005081166618833066,0.0,613.125,-90.72058964554326,0.005081166618833066,0.0,613.125,-90.72058964554326,0.005081166618833066,0.0,613.125,-90.72058964554326,0.005081166618833066,0.0,0.0,0.0,0.0
800,"(np.float64(-1.4515294343286922), np.float64(8.129866590132905e-05), np.float64(9.81))","(np.float64(-11.61223547462953), np.float64(0.0006503893272106335), 0)","(np.float64(-47.02955367224971), np.float64(0.002634076775203062), 0)",613.125,-90.72058964554326,0.005081166618833066,0.0,613.125,-90.72058964554326,0.005081166618833066,0.0,613.125,-90.72058964554326,0.005081166618833066,0.0,613.125,-90.72058964554326,0.005081166618833066,0.0,0.0,0.0,0.0
805,"(np.float64(-1.4515294343286922), np.float64(8.129866590132905e-05), np.float64(9.81))","(np.float64(-11.684811946345965), np.float64(0.0006544542605057), 0)","(np.float64(-47.61560868135992), np.float64(0.0026669011115607235), 0)",613.125,-90.72058964554326,0.005081166618833066,0.0,613.125,-90.72058964554326,0.005081166618833066,0.0,613.125,-90.72058964554326,0.005081166618833066,0.0,613.125,-90.72058964554326,0.005081166618833066,0.0,0.0,0.0,0.0
810,"(np.float64(-1.4515294343286922), np.float64(8.129866590132905e-05), np.float64(9.81))","(np.float64(-11.7573884180624), np.float64(0.0006585191938007664), 0)","(np.float64(-48.205292514055955), np.float64(0.0026999286945831387), 0)",613.125,-90.72058964554326,0.005081166618833066,0.0,613.125,-90.72058964554326,0.005081166618833066,0.0,613.125,-90.72058964554326,0.005081166618833066,0.0,613.125,-90.72058964554326,0.005081166618833066,0.0,0.0,0.0,0.0
815,"(np.float64(-1.4515294343286922), np.float64(8.129866590132905e-05), np.float64(9.81))","(np.float64(-11.829964889778834), np.float64(0.0006625841270958329), 0)","(np.float64(-48.79860517033781), np.float64(0.002733159524270307), 0)",613.125,-90.72058964554326,0.005081166618833066,0.0,613.125,-90.72058964554326,0.005081166618833066,0.0,613.125,-90.72058964554326,0.005081166618833066,0.0,613.125,-90.72058964554326,0.005081166618833066,0.0,0.0,0.0,0.0
820,"(np.float64(-1.4515294343286922), np.float64(8.129866590132905e-05), np.float64(9.81))","(np.float64(-11.902541361495269), np.float64(0.0006666490603908994), 0)","(np.float64(-49.39554665020549), np.float64(0.002766593600622229), 0)",613.125,-90.72058964554326,0.005081166618833066,0.0,613.125,-90.72058964554326,0.005081166618833066,0.0,613.125,-90.72058964554326,0.005081166618833066,0.0,613.125,-90.72058964554326,0.005081166618833066,0.0,0.0,0.0,0.0
825,"(np.float64(-1.4515294343286922), np.float64(8.129866590132905e-05), np.float64(9.81))","(np.float64(-11.975117833211703), np.float64(0.0006707139936859658), 0)","(np.float64(-49.99611695365899), np.float64(0.002800230923638904), 0)",613.125,-90.72058964554326,0.005081166618833066,0.0,613.125,-90.72058964554326,0.005081166618833066,0.0,613.125,-90.72058964554326,0.005081166618833066,0.0,613.125,-90.72058964554326,0.005081166618833066,0.0,0.0,0.0,0.0
830,"(np.float64(-1.4515294343286922), np.float64(8.129866590132905e-05), np.float64(9.81))","(np.float64(-12.047694304928138), np.float64(0.0006747789269810323), 0)","(np.float64(-50.60031608069831), np.float64(0.0028340714933203326), 0)",613.125,-90.72058964554326,0.005081166618833066,0.0,613.125,-90.72058964554326,0.005081166618833066,0.0,613.125,-90.72058964554326,0.005081166618833066,0.0,613.125,-90.72058964554326,0.005081166618833066,0.0,0.0,0.0,0.0
835,"(np.float64(-1.4515294343286922), np.float64(8.129866590132905e-05), np.float64(9.81))","(np.float64(-12.120270776644572), np.float64(0.0006788438602760988), 0)","(np.float64(-51.20814403132346), np.float64(0.0028681153096665143), 0)",613.125,-90.72058964554326,0.005081166618833066,0.0,613.125,-90.72058964554326,0.005081166618833066,0.0,613.125,-90.72058964554326,0.005081166618833066,0.0,613.125,-90.72058964554326,0.005081166618833066,0.0,0.0,0.0,0.0
840,"(np.float64(-1.4515294343286922), np.float64(8.129866590132905e-05), np.float64(9.81))","(np.float64(-12.192847248361007), np.float64(0.0006829087935711652), 0)","(np.float64(-51.81960080553442), np.float64(0.002902362372677449), 0)",613.125,-90.72058964554326,0.005081166618833066,0.0,613.125,-90.72058964554326,0.005081166618833066,0.0,613.125,-90.72058964554326,0.005081166618833066,0.0,613.125,-90.72058964554326,0.005081166618833066,0.0,0.0,0.0,0.0
845,"(np.float64(-1.4515294343286922), np.float64(8.129866590132905e-05), np.float64(9.81))","(np.float64(-12.265423720077441), np.float64(0.0006869737268662317), 0)","(np.float64(-52.434686403331206), np.float64(0.0029368126823531376), 0)",613.125,-90.72058964554326,0.005081166618833066,0.0,613.125,-90.72058964554326,0.005081166618833066,0.0,613.125,-90.72058964554326,0.005081166618833066,0.0,613.125,-90.72058964554326,0.005081166618833066,0.0,0.0,0.0,0.0
850,"(np.float64(-1.4515294343286922), np.float64(8.129866590132905e-05), np.float64(9.81))","(np.float64(-12.338000191793876), np.float64(0.0006910386601612982), 0)","(np.float64(-53.05340082471381), np.float64(0.002971466238693579), 0)",613.125,-90.72058964554326,0.005081166618833066,0.0,613.125,-90.72058964554326,0.005081166618833066,0.0,613.125,-90.72058964554326,0.005081166618833066,0.0,613.125,-90.72058964554326,0.005081166618833066,0.0,0.0,0.0,0.0
855,"(np.float64(-1.4515294343286922), np.float64(8.129866590132905e-05), np.float64(9.81))","(np.float64(-12.41057666351031), np.float64(0.0006951035934563646), 0)","(np.float64(-53.67574406968224), np.float64(0.003006323041698774), 0)",613.125,-90.72058964554326,0.005081166618833066,0.0,613.125,-90.72058964554326,0.005081166618833066,0.0,613.125,-90.72058964554326,0.005081166618833066,0.0,613.125,-90.72058964554326,0.005081166618833066,0.0,0.0,0.0,0.0
860,"(np.float64(-1.4515294343286922), np.float64(8.129866590132905e-05), np.float64(9.81))","(np.float64(-12.483153135226745), np.float64(0.0006991685267514311), 0)","(np.float64(-54.30171613823649), np.float64(0.0030413830913687224), 0)",613.125,-90.72058964554326,0.005081166618833066,0.0,613.125,-90.72058964554326,0.005081166618833066,0.0,613.125,-90.72058964554326,0.005081166618833066,0.0,613.125,-90.72058964554326,0.005081166618833066,0.0,0.0,0.0,0.0
865,"(np.float64(-1.4515294343286922), np.float64(8.129866590132905e-05), np.float64(9.81))","(np.float64(-12.55572960694318), np.float64(0.0007032334600464976), 0)","(np.float64(-54.93131703037657), np.float64(0.003076646387703424), 0)",613.125,-90.72058964554326,0.005081166618833066,0.0,613.125,-90.72058964554326,0.005081166618833066,0.0,613.125,-90.72058964554326,0.005081166618833066,0.0,613.125,-90.72058964554326,0.005081166618833066,0.0,0.0,0.0,0.0
870,"(np.float64(-1.4515294343286922), np.float64(8.129866590132905e-05), np.float64(9.81))","(np.float64(-12.628306078659614), np.float64(0.000707298393341564), 0)","(np.float64(-55.564546746102465), np.float64(0.003112112930702879), 0)",613.125,-90.72058964554326,0.005081166618833066,0.0,613.125,-90.72058964554326,0.005081166618833066,0.0,613.125,-90.72058964554326,0.005081166618833066,0.0,613.125,-90.72058964554326,0.005081166618833066,0.0,0.0,0.0,0.0
875,"(np.float64(-1.4515294343286922), np.float64(8.129866590132905e-05), np.float64(9.81))","(np.float64(-12.700882550376049), np.float64(0.0007113633266366305), 0)","(np.float64(-56.20140528541418), np.float64(0.0031477827203670876), 0)",613.125,-90.72058964554326,0.005081166618833066,0.0,613.125,-90.72058964554326,0.005081166618833066,0.0,613.125,-90.72058964554326,0.005081166618833066,0.0,613.125,-90.72058964554326,0.005081166618833066,0.0,0.0,0.0,0.0
880,"(np.float64(-1.4515294343286922), np.float64(8.129866590132905e-05), np.float64(9.81))","(np.float64(-12.773459022092483), np.float64(0.000715428259931697), 0)","(np.float64(-56.84189264831172), np.float64(0.003183655756696049), 0)",613.125,-90.72058964554326,0.005081166618833066,0.0,613.125,-90.72058964554326,0.005081166618833066,0.0,613.125,-90.72058964554326,0.005081166618833066,0.0,613.125,-90.72058964554326,0.005081166618833066,0.0,0.0,0.0,0.0
885,"(np.float64(-1.4515294343286922), np.float64(8.129866590132905e-05), np.float64(9.81))","(np.float64(-12.846035493808918), np.float64(0.0007194931932267635), 0)","(np.float64(-57.48600883479508), np.float64(0.003219732039689764), 0)",613.125,-90.72058964554326,0.005081166618833066,0.0,613.125,-90.72058964554326,0.005081166618833066,0.0,613.125,-90.72058964554326,0.005081166618833066,0.0,613.125,-90.72058964554326,0.005081166618833066,0.0,0.0,0.0,0.0
890,"(np.float64(-1.4515294343286922), np.float64(8.129866590132905e-05), np.float64(9.81))","(np.float64(-12.918611965525352), np.float64(0.0007235581265218299), 0)","(np.float64(-58.13375384486426), np.float64(0.0032560115693482322), 0)",613.125,-90.72058964554326,0.005081166618833066,0.0,613.125,-90.72058964554326,0.005081166618833066,0.0,613.125,-90.72058964554326,0.005081166618833066,0.0,613.125,-90.72058964554326,0.005081166618833066,0.0,0.0,0.0,0.0
895,"(np.float64(-1.4515294343286922), np.float64(8.129866590132905e-05), np.float64(9.81))","(np.float64(-12.991188437241787), np.float64(0.0007276230598168964), 0)","(np.float64(-58.78512767851926), np.float64(0.0032924943456714537), 0)",613.125,-90.72058964554326,0.005081166618833066,0.0,613.125,-90.72058964554326,0.005081166618833066,0.0,613.125,-90.72058964554326,0.005081166618833066,0.0,613.125,-90.72058964554326,0.005081166618833066,0.0,0.0,0.0,0.0
900,"(np.float64(-1.4515294343286922), np.float64(8.129866590132905e-05), np.float64(9.81))","(np.float64(-13.063764908958222), np.float64(0.0007316879931119629), 0)","(np.float64(-59.44013033576009), np.float64(0.0033291803686594287), 0)",613.125,-90.72058964554326,0.005081166618833066,0.0,613.125,-90.72058964554326,0.005081166618833066,0.0,613.125,-90.72058964554326,0.005081166618833066,0.0,613.125,-90.72058964554326,0.005081166618833066,0.0,0.0,0.0,0.0
905,"(np.float64(-1.4515294343286922), np.float64(8.129866590132905e-05), np.float64(9.81))","(np.float64(-13.136341380674656), np.float64(0.0007357529264070293), 0)","(np.float64(-60.09876181658674), np.float64(0.0033660696383121568), 0)",613.125,-90.72058964554326,0.005081166618833066,0.0,613.125,-90.72058964554326,0.005081166618833066,0.0,613.125,-90.72058964554326,0.005081166618833066,0.0,613.125,-90.72058964554326,0.005081166618833066,0.0,0.0,0.0,0.0
910,"(np.float64(-1.4515294343286922), np.float64(8.129866590132905e-05), np.float64(9.81))","(np.float64(-13.20891785239109), np.float64(0.0007398178597020958), 0)","(np.float64(-60.76102212099921), np.float64(0.0034031621546296385), 0)",613.125,-90.72058964554326,0.005081166618833066,0.0,613.125,-90.72058964554326,0.005081166618833066,0.0,613.125,-90.72058964554326,0.005081166618833066,0.0,613.125,-90.72058964554326,0.005081166618833066,0.0,0.0,0.0,0.0
915,"(np.float64(-1.4515294343286922), np.float64(8.129866590132905e-05), np.float64(9.81))","(np.float64(-13.281494324107525), np.float64(0.0007438827929971623), 0)","(np.float64(-61.4269112489975), np.float64(0.0034404579176118733), 0)",613.125,-90.72058964554326,0.005081166618833066,0.0,613.125,-90.72058964554326,0.005081166618833066,0.0,613.125,-90.72058964554326,0.005081166618833066,0.0,613.125,-90.72058964554326,0.005081166618833066,0.0,0.0,0.0,0.0
920,"(np.float64(-1.4515294343286922), np.float64(8.129866590132905e-05), np.float64(9.81))","(np.float64(-13.35407079582396), np.float64(0.0007479477262922287), 0)","(np.float64(-62.09642920058161), np.float64(0.0034779569272588616), 0)",613.125,-90.72058964554326,0.005081166618833066,0.0,613.125,-90.72058964554326,0.005081166618833066,0.0,613.125,-90.72058964554326,0.005081166618833066,0.0,613.125,-90.72058964554326,0.005081166618833066,0.0,0.0,0.0,0.0
925,"(np.float64(-1.4515294343286922), np.float64(8.129866590132905e-05), np.float64(9.81))","(np.float64(-13.426647267540394), np.float64(0.0007520126595872952), 0)","(np.float64(-62.76957597575154), np.float64(0.003515659183570603), 0)",613.125,-90.72058964554326,0.005081166618833066,0.0,613.125,-90.72058964554326,0.005081166618833066,0.0,613.125,-90.72058964554326,0.005081166618833066,0.0,613.125,-90.72058964554326,0.005081166618833066,0.0,0.0,0.0,0.0
930,"(np.float64(-1.4515294343286922), np.float64(8.129866590132905e-05), np.float64(9.81))","(np.float64(-13.499223739256829), np.float64(0.0007560775928823617), 0)","(np.float64(-63.4463515745073), np.float64(0.003553564686547098), 0)",613.125,-90.72058964554326,0.005081166618833066,0.0,613.125,-90.72058964554326,0.005081166618833066,0.0,613.125,-90.72058964554326,0.005081166618833066,0.0,613.125,-90.72058964554326,0.005081166618833066,0.0,0.0,0.0,0.0
935,"(np.float64(-1.4515294343286922), np.float64(8.129866590132905e-05), np.float64(9.81))","(np.float64(-13.571800210973263), np.float64(0.0007601425261774281), 0)","(np.float64(-64.12675599684887), np.float64(0.0035916734361883464), 0)",613.125,-90.72058964554326,0.005081166618833066,0.0,613.125,-90.72058964554326,0.005081166618833066,0.0,613.125,-90.72058964554326,0.005081166618833066,0.0,613.125,-90.72058964554326,0.005081166618833066,0.0,0.0,0.0,0.0
940,"(np.float64(-1.4515294343286922), np.float64(8.129866590132905e-05), np.float64(9.81))","(np.float64(-13.644376682689698), np.float64(0.0007642074594724946), 0)","(np.float64(-64.81078924277627), np.float64(0.0036299854324943477), 0)",613.125,-90.72058964554326,0.005081166618833066,0.0,613.125,-90.72058964554326,0.005081166618833066,0.0,613.125,-90.72058964554326,0.005081166618833066,0.0,613.125,-90.72058964554326,0.005081166618833066,0.0,0.0,0.0,0.0
945,"(np.float64(-1.4515294343286922), np.float64(8.129866590132905e-05), np.float64(9.81))","(np.float64(-13.716953154406132), np.float64(0.0007682723927675611), 0)","(np.float64(-65.49845131228948), np.float64(0.0036685006754651026), 0)",613.125,-90.72058964554326,0.005081166618833066,0.0,613.125,-90.72058964554326,0.005081166618833066,0.0,613.125,-90.72058964554326,0.005081166618833066,0.0,613.125,-90.72058964554326,0.005081166618833066,0.0,0.0,0.0,0.0
950,"(np.float64(-1.4515294343286922), np.float64(8.129866590132905e-05), np.float64(9.81))","(np.float64(-13.789529626122567), np.float64(0.0007723373260626275), 0)","(np.float64(-66.18974220538851), np.float64(0.0037072191651006106), 0)",613.125,-90.72058964554326,0.005081166618833066,0.0,613.125,-90.72058964554326,0.005081166618833066,0.0,613.125,-90.72058964554326,0.005081166618833066,0.0,613.125,-90.72058964554326,0.005081166618833066,0.0,0.0,0.0,0.0
955,"(np.float64(-1.4515294343286922), np.float64(8.129866590132905e-05), np.float64(9.81))","(np.float64(-13.862106097839002), np.float64(0.000776402259357694), 0)","(np.float64(-66.88466192207336), np.float64(0.003746140901400872), 0)",613.125,-90.72058964554326,0.005081166618833066,0.0,613.125,-90.72058964554326,0.005081166618833066,0.0,613.125,-90.72058964554326,0.005081166618833066,0.0,613.125,-90.72058964554326,0.005081166618833066,0.0,0.0,0.0,0.0
960,"(np.float64(-1.4515294343286922), np.float64(8.129866590132905e-05), np.float64(9.81))","(np.float64(-13.934682569555436), np.float64(0.0007804671926527605), 0)","(np.float64(-67.58321046234404), np.float64(0.003785265884365887), 0)",613.125,-90.72058964554326,0.005081166618833066,0.0,613.125,-90.72058964554326,0.005081166618833066,0.0,613.125,-90.72058964554326,0.005081166618833066,0.0,613.125,-90.72058964554326,0.005081166618833066,0.0,0.0,0.0,0.0
965,"(np.float64(-1.4515294343286922), np.float64(8.129866590132905e-05), np.float64(9.81))","(np.float64(-14.00725904127187), np.float64(0.0007845321259478269), 0)","(np.float64(-68.28538782620055), np.float64(0.003824594113995655), 0)",613.125,-90.72058964554326,0.005081166618833066,0.0,613.125,-90.72058964554326,0.005081166618833066,0.0,613.125,-90.72058964554326,0.005081166618833066,0.0,613.125,-90.72058964554326,0.005081166618833066,0.0,0.0,0.0,0.0
970,"(np.float64(-1.4515294343286922), np.float64(8.129866590132905e-05), np.float64(9.81))","(np.float64(-14.079835512988305), np.float64(0.0007885970592428934), 0)","(np.float64(-68.99119401364287), np.float64(0.0038641255902901765), 0)",613.125,-90.72058964554326,0.005081166618833066,0.0,613.125,-90.72058964554326,0.005081166618833066,0.0,613.125,-90.72058964554326,0.005081166618833066,0.0,613.125,-90.72058964554326,0.005081166618833066,0.0,0.0,0.0,0.0
975,"(np.float64(-1.4515294343286922), np.float64(8.129866590132905e-05), np.float64(9.81))","(np.float64(-14.15241198470474), np.float64(0.0007926619925379599), 0)","(np.float64(-69.70062902467102), np.float64(0.0039038603132494514), 0)",613.125,-90.72058964554326,0.005081166618833066,0.0,613.125,-90.72058964554326,0.005081166618833066,0.0,613.125,-90.72058964554326,0.005081166618833066,0.0,613.125,-90.72058964554326,0.005081166618833066,0.0,0.0,0.0,0.0
980,"(np.float64(-1.4515294343286922), np.float64(8.129866590132905e-05), np.float64(9.81))","(np.float64(-14.224988456421174), np.float64(0.0007967269258330263), 0)","(np.float64(-70.41369285928498), np.float64(0.00394379828287348), 0)",613.125,-90.72058964554326,0.005081166618833066,0.0,613.125,-90.72058964554326,0.005081166618833066,0.0,613.125,-90.72058964554326,0.005081166618833066,0.0,613.125,-90.72058964554326,0.005081166618833066,0.0,0.0,0.0,0.0
985,"(np.float64(-1.4515294343286922), np.float64(8.129866590132905e-05), np.float64(9.81))","(np.float64(-14.297564928137609), np.float64(0.0008007918591280928), 0)","(np.float64(-71.13038551748477), np.float64(0.003983939499162262), 0)",613.125,-90.72058964554326,0.005081166618833066,0.0,613.125,-90.72058964554326,0.005081166618833066,0.0,613.125,-90.72058964554326,0.005081166618833066,0.0,613.125,-90.72058964554326,0.005081166618833066,0.0,0.0,0.0,0.0
990,"(np.float64(-1.4515294343286922), np.float64(8.129866590132905e-05), np.float64(9.81))","(np.float64(-14.370141399854043), np.float64(0.0008048567924231593), 0)","(np.float64(-71.85070699927037), np.float64(0.004024283962115796), 0)",613.125,-90.72058964554326,0.005081166618833066,0.0,613.125,-90.72058964554326,0.005081166618833066,0.0,613.125,-90.72058964554326,0.005081166618833066,0.0,613.125,-90.72058964554326,0.005081166618833066,0.0,0.0,0.0,0.0
995,"(np.float64(-1.4515294343286922), np.float64(8.129866590132905e-05), np.float64(9.81))","(np.float64(-14.442717871570478), np.float64(0.0008089217257182257), 0)","(np.float64(-72.5746573046418), np.float64(0.004064831671734084), 0)",613.125,-90.72058964554326,0.005081166618833066,0.0,613.125,-90.72058964554326,0.005081166618833066,0.0,613.125,-90.72058964554326,0.005081166618833066,0.0,613.125,-90.72058964554326,0.005081166618833066,0.0,0.0,0.0,0.0
1000,"(np.float64(-1.4515294343286922), np.float64(8.129866590132905e-05), np.float64(9.81))","(np.float64(-14.515294343286913), np.float64(0.0008129866590132922), 0)","(np.float64(-73.30223643359906), np.float64(0.004105582628017125), 0)",613.125,-90.72058964554326,0.005081166618833066,0.0,613.125,-90.72058964554326,0.005081166618833066,0.0,613.125,-90.72058964554326,0.005081166618833066,0.0,613.125,-90.72058964554326,0.005081166618833066,0.0,0.0,0.0,0.0
1005,"(np.float64(-1.4515294343286922), np.float64(8.129866590132905e-05), np.float64(9.81))","(np.float64(-14.587870815003347), np.float64(0.0008170515923083587), 0)","(np.float64(-74.03344438614214), np.float64(0.00414653683096492), 0)",613.125,-90.72058964554326,0.005081166618833066,0.0,613.125,-90.72058964554326,0.005081166618833066,0.0,613.125,-90.72058964554326,0.005081166618833066,0.0,613.125,-90.72058964554326,0.005081166618833066,0.0,0.0,0.0,0.0
1010,"(np.float64(-1.4515294343286922), np.float64(8.129866590132905e-05), np.float64(9.81))","(np.float64(-14.660447286719782), np.float64(0.0008211165256034251), 0)","(np.float64(-74.76828116227104), np.float64(0.004187694280577468), 0)",613.125,-90.72058964554326,0.005081166618833066,0.0,613.125,-90.72058964554326,0.005081166618833066,0.0,613.125,-90.72058964554326,0.005081166618833066,0.0,613.125,-90.72058964554326,0.005081166618833066,0.0,0.0,0.0,0.0
